"id","surname","n","p","revision"
-480446436,"ЮСУПОВ","Р","М",1
457911323,"СТАНКЕВИЧ","Т","Л",1
595819552,"KHLOBYSTOVA","A"," ",1
-482260971,"ВОЛКОВ","А","Е",1
-482260972,"ВОЛКОВ","А","Д",1
743822365,"КУСТОВ","В","Н",1
-77663214,"КРЮЧКОВА","Н","В",1
311806992,"АГЕЕВ","С","А",1
-2003527664,"АЗАРОВ","А","А",1
1260442668,"ПИМАНОВ","И","Ь",1
-1849150395,"PASCHENKO","A","E",1
1260442670,"ПИМАНОВ","И","Ю",1
1461468190,"КОТЕНКО","И","О",1
1461459987,"КОТЕНКО","А","Г",1
422624288,"SOKOLOV","B"," ",1
-611751909,"ЯКОВЛЕВ","В","Л",1
1656851542,"YAKOVLEV","V","V",1
-2071447536,"КОРНИЕНКО","А","А",1
-969399264,"PASHCHENKO","A"," ",1
-611751918,"ЯКОВЛЕВ","В","В",1
-1548683243,"ТУЛУПЬЕВ","А","Е",1
968799258,"УСЫЧЕНКО","В","К",1
-763488238,"ТУЛУПЬЕВА","Т","В",1
-1579550694,"АБРАМОВ","М","К",1
-531692526,"СТЕПАШКИН","М","В",1
2032269328,"МАКСИМОВ","А","А",1
-1161432032,"TULUPYEV","A"," ",1
1498985493,"ПАЩЕНКО","А","Е",1
-1683390432,"ZOLOTIN","A"," ",1
-1548683237,"ТУЛУПЬЕВ","А","Л",1
-199529448,"ПОПОВ","Ю","И",1
1141356576,"СОЛДАТЕНКО","С","Р",1
226457686,"SUVOROVA","A","V",1
2063585366,"RASSOKHIN","V","V",1
1010721813,"СЕМЁНОВ","А","Е",1
-256548848,"ХЛОБЫСТОВА","А","А",1
536309780,"БУШМЕЛЕВ","Ф","Д",1
1032554533,"ОХТИЛЕВ","М","Х",1
-843443179,"КОМОВ","А","Е",1
-1644569514,"TULUPYEVA","T","V",1
831647776,"АБЗАЛОВ","А","Р",1
1965925397,"АДАДУРОВ","С","Е",1
834842656,"KOTENKO","I"," ",1
-882048938,"VETROVA","M","V",1
-1607672816,"ПРИВАЛОВ","А","А",1
472754194,"ДОЙНИКОВА","Е","В",1
-1143153636,"АЛАБЯН","А","М",1
1423052818,"СОКОЛОВ","Б","В",1
2052240402,"ГОФМАН","М","В",1
781614166,"TOROPOVA","A","V",1
257134610,"КАПАРУЛИНА","Н","В",1
1490302992,"ШАЛАМОВ","Р","А",1
-1613098980,"ПОТРЯСАЕВ","С","М",1
1770508353,"ABYSHEV","R","A",1
1121670162,"КАПИТАНЧУК","В","В",1
-1613098992,"ПОТРЯСАЕВ","С","А",1
6986784,"STEPASHKIN","M"," ",1
751918109,"КРЫЛЕНКО","И","Н",1
2065352790,"ALEKSANDROVA","O","V",1
244531265,"AZAROV","A","A",1
2079790112,"ПОНОМАРЕНКО","М","Р",1
-1812598750,"МИРОНЧИКОВ","Е","Т",1
2059871248,"ДЕВЯТКОВ","В","А",1
-1374147519,"KORNIENKO","A","A",1
-884331504,"СОБОЛЕВСКИЙ","В","А",1
1895478304,"ПИСАРЕВ","С","Р",1
935858194,"МИШИН","Д","В",1
-1806993392,"ЗЕЛЕНЦОВ","В","А",1
-482260966,"ВОЛКОВ","А","К",1
2059887644,"ДЕВЯТКОВ","Т","М",1
-482261984,"ВОЛКОВ","А"," ",1
422624338,"SOKOLOV","B","R",1
-671628267,"СУЛЕЙМАНОВ","А","Е",1
1461468178,"КОТЕНКО","И","В",1
1190846494,"СОРОКИН","Л","О",1
-1748639712,"IPATOV","Y"," ",1
-1689963488,"DOYNIKOVA","E"," ",1
-654881761,"ГЛУХОВ","А","П",1
-164953023,"PETRENKO","A","A",1
-531692507,"СТЕПАШКИН","М","Х",1
472545345,"MAKOVEYCHUK","K","A",1
-1806993369,"ЗЕЛЕНЦОВ","В","Ч",1
-613412835,"КАЛИНИН","В","Н",1
-1956439022,"ДИАСАМИДЗЕ","С","В",1
1423052832,"СОКОЛОВ","Б","Р",1
1709433876,"БОЛЬШЕДВОРСКАЯ","Л","Д",1
1498985506,"ПАЩЕНКО","А","Т",1
510331925,"ПАВЛОВ","А","Е",1
-1040900075,"КУГАЕВСКИХ","А","Е",1
-1834945502,"КАЛИНИНА","Н","Т",1
-1103889387,"КУДАШЕВ","О","Е",1
637186066,"ЛУЦЕНКО","Е","В",1
2092207133,"АЛМАКАЕВА","Р","Н",1
1405758496,"АНДРОСОВ","К","Р",1
394772524,"ПОЛОЗОВ","И","Ь",1
827525149,"ГУДЫМА","М","Н",1
1362783253,"КОРЖАКОВ","В","Е",1
1165976592,"СОКОЛОВА","К","А",1
-391618544,"КАЗАКОВЦЕВ","Л","А",1
1995353108,"ОРЕХОВ","А","Д",1
-737251312,"ЕРМОЧЕНКО","С","А",1
991408148,"ЗАИКИНА","Л","Д",1
-1382915051,"СИДОРОВА","Е","Е",1
-1648897006,"КУДРЯШОВА","Т","В",1
-986257379,"САЛТЫКОВА","А","Н",1
1966974992,"СИНЕЛЕВА","А","А",1
-1976659948,"ОРЛОВ","А","Д",1
-1969368030,"ДМИТРИЕВА","Н","Т",1
1725537304,"ПАСТУХОВА","Ю","И",1
1901172757,"СЕРГЕЕВ","А","Е",1
-120213475,"КОВАЛЕНКО","А","Н",1
1288727576,"ЕГОРОВ","Ю","И",1
2018412572,"КУЗНЕЦОВА","Н","М",1
863760421,"УРТЕНОВ","М","Х",1
-1888367598,"БАРАНОВ","Д","В",1
-1040900078,"КУГАЕВСКИХ","А","В",1
-1888367592,"БАРАНОВ","Д","И",1
-1224754148,"ВОРОБЬЕВ","А","М",1
544833552,"МИЛОВ","В","А",1
-141390832,"АРШИНОВ","Г","А",1
120023073,"АДАМОВ","Н","С",1
78253088,"ВОРОБЬЁВА","М","Р",1
841640992,"PRUDNIKOV","A"," ",1
-1819210725,"ОГАНЯН","В","Л",1
1268155421,"МАТВЕЕВ","Ю","Н",1
-73055186,"ПЕТРОВА","И","Ю",1
-560232432,"ВАСЮТИНА","Е","А",1
-720530404,"ЗАРИПОВА","В","М",1
-771259371,"ЗАХАРОВ","А","Е",1
-692900831,"ШИБЕРТ","Р","С",1
738517008,"КОДРЯН","Е","А",1
-771259374,"ЗАХАРОВ","А","В",1
-1103889362,"КУДАШЕВ","О","Ю",1
-1950489568,"MATVEEV","Y"," ",1
-1022952421,"ГОЛУБЕВА","Г","Л",1
566180897,"СМИРНОВА","А","С",1
-812937195,"КОНОВ","А","Е",1
389229586,"КОТЕЛЬНИКОВ","Е","В",1
-1694295008,"ФЕДОТОВ","С","Р",1
2114243616,"SHULIPA","A"," ",1
1874246674,"ДАВЫДОВ","С","В",1
-1933765608,"КРЮКОВА","Ю","И",1
688372768,"ВОРОБЬЕВА","М","Р",1
1816126485,"ПЕЧУРИНА","Е","Е",1
-525078497,"ТРУНЕВ","А","П",1
1663515669,"БЕЛЯК","А","Е",1
-1804064747,"ШЕЛУХИН","О","Е",1
-1934680037,"ДИАНОВА","В","Л",1
1529301008,"КОРАЧЕНЦОВ","А","А",1
237150232,"СТЕКЛОВА","Ю","И",1
-1214176227,"ЕРМИЛОВА","А","Н",1
-2141555688,"ГОРЯЧЕВА","Т","И",1
659795984,"ПУЧКОВА","А","А",1
-40564650,"SEMASHKO","A","V",1
-2141771758,"ДМИТРИЕВ","А","В",1
988108844,"КАУРОВА","О","Ь",1
1381556244,"ШИРОКИХ","А","Д",1
-792413163,"КЕЙСТОВИЧ","А","Е",1
-1664607205,"МАТРАЕВА","Л","Л",1
1354839061,"СУДАРИК","А","Е",1
-138258411,"ЗАТВОРНИЦКИЙ","А","Е",1
-1161047012,"МЕРЕТУКОВ","Г","М",1
-1224754142,"ВОРОБЬЕВ","А","Т",1
-1383558058,"KOTELNIKOV","E","V",1
1023100954,"ПОСОБИЛОВ","Н","К",1
1405758510,"АНДРОСОВ","К","Ю",1
1551069205,"МАЛОЛЕТКО","А","Е",1
637186067,"ЛУЦЕНКО","Е","Г",1
-1687034856,"ЛОЙКО","В","И",1
-143122413,"ОЛЕННИКОВ","Е","Г",1
-243760107,"БАЛАЛОВА","Е","Е",1
431853645,"NOVIKOVA","G","M",1
2087423003,"БОНДАЛЕТОВ","В","Л",1
-1244435422,"ВОРОБЬЁВ","А","Т",1
1288727585,"ЕГОРОВ","Ю","С",1
-1194083310,"ЗАПОРОЖКО","В","В",1
-509718499,"КАЗИМИРОВ","Д","Н",1
-1361358824,"ТИЩЕНКО","В","И",1
1616263186,"ВАСИЛЕНКО","П","В",1
-921468908,"НИКОЛАЕВ","А","Д",1
-409239534,"ГОВОРИТЕЛЬ","В","В",1
1929052178,"ВАСКЕВИЧ","Т","В",1
-579335149,"ХАНАНАЕВ","А","Г",1
-183740383,"МАХРУСЕ","Н","С",1
-1617305568,"ПРОКОПЬЕВА","М","Р",1
2063592464,"АФАНАСЕНКО","И","А",1
-117232622,"НИКУЛИНА","О","В",1
-401606627,"НГУЕН","В","Н",1
489835552,"БОРИСОВА","В","Р",1
-2028896222,"ТРОШИНА","Т","Т",1
-401606630,"НГУЕН","В","К",1
-2023896030,"ЛЯХОВА","Н","Т",1
403707920,"КАФЛИК","Д","А",1
1629558816,"ДРОБЫШЕВА","М","Р",1
-920339424,"PARFENOV","D"," ",1
204318757,"РЕШЕТНИКОВ","М","Х",1
357707865,"KAZIMIROV","D","Y",1
959459360,"LAPINA","M"," ",1
1077740576,"ZAPOROZHKO","V"," ",1
2086105161,"SOLER","Y","I",1
1008698402,"АНТИПОВ","А","Т",1
-1423108077,"МАКСИМОВА","Т","Г",1
-1021200354,"БРЕСЛЕР","И","О",1
1851376667,"НИКИТИНА","В","Л",1
493058080,"BOLODURINA","I"," ",1
1012683803,"БОГДАНОВА","Е","Л",1
-934236136,"ЕЛИСЕЕВА","И","И",1
391344155,"ПАВИЛАЙНЕН","Г","Л",1
1901176856,"СЕРГЕЕВ","Д","И",1
-884599790,"ГОРБАЧЕВ","Д","В",1
-209804264,"ОВРУЦКИЙ","Д","И",1
-330851296,"SHARDAKOV","V"," ",1
1077740630,"ZAPOROZHKO","V","V",1
-920339383,"PARFENOV","D","I",1
-1351954402,"ПАРФЁНОВ","И","О",1
-1955959780,"БРОВКА","Г","М",1
-1351958499,"ПАРФЁНОВ","Д","Н",1
2086105120,"SOLER","Y"," ",1
781838363,"ПЕТРИЦКИЙ","В","Л",1
244747285,"ПРОЧКО","А","Е",1
-2102671316,"КОТЕНЕВА","О","Ь",1
1437275169,"ИСАЧЕНКО","А","С",1
-1584373734,"ЛЯСКОВСКИЙ","В","К",1
-258861026,"СМИРНОВ","Г","О",1
-527844328,"БОЛОДУРИНА","И","И",1
92386320,"ПАХОМОВ","В","А",1
-1462352821,"NGUEN","V","K",1
-1484549088,"VERZILIN","D"," ",1
-1602013147,"АЛАШЕЕВ","М","Х",1
1065904160,"TISHCHENKO","V"," ",1
344831008,"MEZHENIN","A"," ",1
294857760,"ЕРОХИН","С","Р",1
1065904201,"TISHCHENKO","V","I",1
2027167761,"СТРЕЛКОВ","А","Б",1
1557511184,"ТИХОНОВ","А","А",1
-37531630,"ПОЗЕВАЛКИН","В","В",1
381882392,"ПАРФЕНОВ","Д","И",1
-1795404768,"IZVOZCHIKOVA","V"," ",1
281071648,"ИЗВОЗЧИКОВА","В","Р",1
933757006,"POPOVA","I","N",1
1757874208,"MAXIMOVA","T"," ",1
1626137616,"ШАРДАКОВ","В","А",1
1012683797,"БОГДАНОВА","Е","Е",1
-409239536,"ГОВОРИТЕЛЬ","В","А",1
-199560168,"ПОПОВ","А","И",1
185904146,"КОСТИН","Д","В",1
185904157,"КОСТИН","Д","Н",1
6119510,"OSIN","A","V",1
1526790160,"МОЛЧАНОВА","О","А",1
-1878859758,"ЩЕРБАКОВ","В","В",1
1815291938,"РЯЗАНОВ","В","Т",1
34155549,"ДРОБЫШЕВСКАЯ","Л","Н",1
1611309086,"МИХАЙЛОВА","К","О",1
-1355480031,"ПЕЧЕНКО","Н","С",1
-1604943794,"VAN","C","N",1
-2042646495,"ВОРОНОВ","В","С",1
-150131694,"ХАРЛАМОВ","А","В",1
489835538,"БОРИСОВА","В","В",1
-1268360127,"BARKOV","V","A",1
-117232596,"НИКУЛИНА","О","Ь",1
-1268360106,"BARKOV","V","V",1
1546536986,"НИКИФОРОВ","В","К",1
-1508563935,"БОЛЬШАКОВ","А","С",1
-970942443,"ВОРШЕВСКИЙ","А","Е",1
907333666,"ЖУКОВА","Т","Т",1
-2128439269,"АНДРЕЕВСКИЙ","И","Л",1
1378541585,"КАМЫШОВА","А","Б",1
1311729680,"ШАРАПАЕВ","П","А",1
-2023896040,"ЛЯХОВА","Н","И",1
1129779216,"МИЭРИНЬ","Л","А",1
-732231652,"ЗАЙДЕС","С","М",1
274034719,"ИЕВЛЕВ","О","П",1
-1737767904,"СОРОКИНА","М","Р",1
-1890359268,"ПОПОВА","Е","М",1
-2123029467,"ЮШКОВ","М","Х",1
-1354555373,"КОБЗЕВА","А","Г",1
1293475915,"RAKHIMOVA","B","K",1
829513765,"КЛУПТ","М","Х",1
-1102650350,"ТАУШАН","И","В",1
1316188197,"ПОЛКОВНИКОВ","М","Х",1
2018407448,"КУЗНЕЦОВА","И","И",1
1984821268,"ЕЩЕНКО","Н","Д",1
2118970389,"НОЗДРАЧЕВ","А","Е",1
-1354555363,"КОБЗЕВА","А","Н",1
1316188178,"ПОЛКОВНИКОВ","М","В",1
1243638853,"SHELUHIN","O","E",1
-884550624,"ПАДУН","Б","Р",1
1243638857,"SHELUHIN","O","I",1
-512558056,"КОРОСТЕЛКИНА","И","И",1
-1988286448,"ВЕРЗУН","Н","А",1
1685750805,"ЛЯПИН","А","Е",1
291508240,"ШИРАЙ","М","А",1
107658270,"АРЕФЬЕВ","И","О",1
-2141771742,"ДМИТРИЕВ","А","Т",1
-1654012912,"МЯСНИКОВА","Л","А",1
-1540772778,"BORISOVA","V","V",1
-258858989,"СМИРНОВ","Е","Г",1
-1517276141,"ШУЛЬЖЕНКО","Т","Г",1
949642270,"КОЛБАНЕВ","М","О",1
-1782169533,"NGUYEN","V","C",1
2073244693,"БАРЫКИН","С","Е",1
294857748,"ЕРОХИН","С","Д",1
567987283,"TASUEVA","T","S",1
516353099,"POLKOVNIKOV","M","K",1
780456981,"МАГОМЕДОВА","Д","Е",1
-527844321,"БОЛОДУРИНА","И","П",1
880983060,"МОНАХОВ","В","Д",1
-292776933,"РУТМАН","Ю","Л",1
-1246217184,"САМАРИНА","М","Р",1
-138891232,"СКВОРЦОВА","М","Р",1
-729013228,"ОСИН","А","Д",1
330557456,"БЕТЕХТИН","В","А",1
378050594,"ФЛИГИНСКИХ","Т","Т",1
515808277,"ЧЕРНЯЕВА","Е","Е",1
566186003,"СМИРНОВА","Е","Г",1
-1480617968,"ВЕРШИК","А","А",1
-1900162030,"НИНЦИЕВА","Г","В",1
-358063077,"ХАРЛАМОВА","Т","Л",1
-1783944163,"БЕЛКИНА","В","Н",1
-1834950632,"КАЛИНИНА","И","И",1
1423068178,"СОКОЛОВ","Р","В",1
2027421720,"ПОВАРЁНКОВ","Ю","И",1
-1462333422,"ТКАЧ","В","В",1
1223083054,"МИРОПОЛЬСКИЙ","Д","Ю",1
-203994082,"БАГИЕВ","Г","О",1
-1963700188,"МИНАКОВ","В","Ф",1
110443588,"EROKHIN","S","D",1
-725116910,"БАРКОВ","В","В",1
214674460,"ДАТАЯШЕВА","К","М",1
-1546823659,"РАЗОВ","А","Е",1
1006053420,"КОРАБЛЕВА","О","Ь",1
-725116889,"БАРКОВ","В","Ч",1
2046262290,"ЛАБУДИН","А","В",1
-2064152546,"ВОЛКОВА","В","О",1
-1829159920,"ГРИШИН","А","А",1
1006053405,"КОРАБЛЕВА","О","Н",1
-335801328,"ГВИЛИЯ","Н","А",1
-1829159916,"ГРИШИН","А","Д",1
-1194083296,"ЗАПОРОЖКО","В","Р",1
-1613413344,"ГАЛИЛЕЕВ","С","Р",1
-354107362,"ФУРСЕЙ","Г","О",1
702766104,"ЗАБУЛИОНИТЕ","К","И",1
988595217,"ЛОМАКИНА","И","Б",1
-1148053487,"ПОДКОЛЗИНА","Л","Б",1
-657140720,"ДУБРОВСКАЯ","О","А",1
1747419169,"ФИЛОНОВА","Е","С",1
-492859368,"ШВЕЦОВ","В","И",1
-1382918117,"СИДОРОВА","В","Л",1
698079250,"ИВАНОВ","А","В",1
988598305,"ЛОМАКИНА","Л","С",1
1058355224,"МАТЮШЕНКО","С","И",1
-1248800738,"ПЕСТУНОВ","И","О",1
201733138,"ЛАГУТИНА","К","В",1
544833568,"МИЛОВ","В","Р",1
-1661077472,"РЫЛОВ","С","Р",1
1234076688,"БЕРИКОВ","В","А",1
201736225,"ЛАГУТИНА","Н","С",1
1762214945,"СУРКОВА","А","С",1
1350062096,"АЛИПОВА","Н","А",1
-2141192176,"БУРОВ","С","А",1
858033170,"ФАЙЗУЛЛИН","Р","В",1
858033181,"ФАЙЗУЛЛИН","Р","Н",1
799549458,"РЫЖАКОВ","В","В",1
-1599332336,"ГЕРАСИМОВА","А","А",1
-1398748131,"НАУМОВ","В","Н",1
-1835073504,"МАКАРЕНКО","С","Р",1
-707562478,"ГЛАДИЛИН","А","В",1
-1888369645,"БАРАНОВ","В","Г",1
1468850195,"НОВГОРОДЦЕВА","О","Г",1
2109501472,"МУНТЯН","Е","Р",1
-1992433635,"ЦУРИКОВ","А","Н",1
-796828640,"SHEVCHENKO","O"," ",1
-331684840,"БАЛАБАЕВА","И","И",1
-407121896,"ЧЕРКАСОВ","Р","И",1
1122308161,"NOVIKOV","B","A",1
-815776699,"BELIKOV","A","E",1
-432837612,"ЧЕЧУЛИН","А","Д",1
489838613,"БОРИСОВА","Е","Е",1
-1992433643,"ЦУРИКОВ","А","Е",1
-1909007332,"ГЕРАСИМЕНКО","Е","М",1
-1540790240,"BORISOVA","E"," ",1
-2035924960,"KUCHEROV","S"," ",1
1617458208,"ROGOZOV","Y"," ",1
472754197,"ДОЙНИКОВА","Е","Е",1
1260382232,"ПЕЛЁВИН","Д","И",1
693280,"ЧУБЕЙКО","С","Р",1
1391111200,"НОВИКОВ","Б","Р",1
-895277024,"BOBROV","N"," ",1
833217569,"МИЗЮКОВ","Г","С",1
-186678188,"TROFIMOV","A","T",1
1260382226,"ПЕЛЁВИН","Д","В",1
-1222969324,"ВИТКОВА","Л","Д",1
1068370977,"ДЕСНИЦКИЙ","В","С",1
186354708,"ФЕДОРЧЕНКО","А","Д",1
-208196584,"ЛЕВШУН","Д","И",1
-1590645728,"BURDAKOV","A"," ",1
1013353549,"KUREICHIK","V","M",1
-815776690,"BELIKOV","A","N",1
528926740,"ЧЕРНОВ","А","Д",1
-331684818,"БАЛАБАЕВА","И","Ю",1
-1971277798,"КОЛОМЕЕЦ","М","К",1
1024339989,"КЛИМАНСКАЯ","Е","Е",1
-1047953387,"БРАНИЦКИЙ","А","Е",1
2109501459,"МУНТЯН","Е","Г",1
370344992,"LAPSHIN","V"," ",1
404822034,"ЛЕМАЙКИНА","С","В",1
-2085708771,"ЛЕОНОВ","Г","Н",1
939079757,"GERASIMENKO","E","M",1
991352864,"GRIGORIEV","D"," ",1
-1373596648,"МАРТЫШКИН","А","И",1
1721895960,"МАРКИН","Е","И",1
480674844,"РЯБОВА","К","М",1
1617458258,"ROGOZOV","Y","R",1
-340788203,"БЕЛИКОВА","С","Е",1
19379224,"РОГОЗОВ","Ю","И",1
1411851288,"ЛИПКО","Ю","И",1
-1399433130,"BOZHENYUK","A","V",1
-815776736,"BELIKOV","A"," ",1
462061641,"LEUSENKO","D","I",1
-1058542560,"БУТАКОВА","М","Р",1
-1696837616,"ТИМАКИНА","Ю","А",1
1121693718,"КАРСЯН","А","Ж",1
-2107053017,"НЕСТЕРОВ","В","Ч",1
-796828589,"SHEVCHENKO","O","S",1
-238391272,"ЕЛЬКИН","Д","И",1
370345025,"LAPSHIN","V","A",1
-833669091,"ПЕТРОВ","Е","Н",1
-523413474,"УШАКОВ","И","О",1
-53741538,"САЕНКО","И","О",1
-796828586,"SHEVCHENKO","O","V",1
7950368,"CHERNISHEV","G"," ",1
1779453004,"LIPKO","J","L",1
-523413488,"УШАКОВ","И","А",1
994983952,"ПОДОПРИГОРА","И","А",1
-800410603,"ОВРАМЕНКО","А","Е",1
1878108176,"ГАЙФУЛИНА","Д","А",1
1111682080,"ELKIN","D"," ",1
24570901,"ЖЕРНОВА","К","Е",1
-800741344,"КУЧЕРОВА","М","Р",1
950258757,"SVIRIDOV","A","E",1
-2035924927,"KUCHEROV","S","A",1
-190439359,"PAVLOV","V","A",1
480809025,"BELIKOVA","S","A",1
788122643,"МОРГУНОВ","Е","Г",1
-1540790203,"BORISOVA","E","E",1
-1362378713,"ЛАПШИН","В","Ч",1
950258771,"SVIRIDOV","A","S",1
-412915695,"ПАРАЩУК","И","Б",1
659776544,"PARASHCHUK","I"," ",1
2052363296,"КУЧЕРОВ","С","Р",1
-2035924910,"KUCHEROV","S","R",1
-2074083308,"ТЕРЕХОВ","А","Д",1
-236559341,"КРУК","Е","Г",1
-346650592,"PLOUTENKO","A"," ",1
-639200240,"ЗОТКИНА","А","А",1
-1058542576,"БУТАКОВА","М","А",1
-824654816,"KURALENOK","I"," ",1
-949182443,"СВИРИДОВ","А","Е",1
425803805,"ПОЛЕЖАЕВ","П","Н",1
-1495441376,"GRIGOREV","U"," ",1
-412915682,"ПАРАЩУК","И","О",1
833217560,"МИЗЮКОВ","Г","И",1
803723282,"КУЛИКОВ","Н","В",1
1285775397,"АБРАМСКИЙ","М","Х",1
-2113566686,"ВОЙТЮК","Т","Т",1
1059610640,"КАРПЮК","И","А",1
1586789420,"СУХОРУКОВА","О","Ь",1
1294169112,"РЕВУНКОВ","Г","И",1
-1550402534,"СЕМЕНОВ","В","К",1
1468973072,"КОСТИНА","Е","А",1
1874259992,"ДАВЫДОВ","Ю","И",1
-1227738083,"СКОБА","А","Н",1
-2117976030,"АЛЕКСЕЕВ","А","Т",1
704034834,"ФРОЛЕНКОВ","К","В",1
-1161431988,"TULUPYEV","A","L",1
1274087451,"МУСИНА","В","Л",1
-635778986,"SIROTKIN","A","V",1
-1548684256,"ТУЛУПЬЕВ","А"," ",1
1274087460,"МУСИНА","В","Ф",1
166653970,"ИВАНОВА","А","В",1
-2117976036,"АЛЕКСЕЕВ","А","М",1
1121845280,"МОМЗИКОВА","М","Р",1
1097097287,"LABUNETS","V","G",1
-797944800,"KOLTCOV","S"," ",1
-1015877600,"KOLTSOVA","O"," ",1
-96024544,"PANCHENKO","A"," ",1
-1859117994,"SAVCHENKO","A","V",1
1819127834,"ХАРИТОНОВ","Н","К",1
93802516,"ЗОЛОТИН","А","Д",1
-611019758,"ТУТУБАЛИНА","Е","В",1
1235104788,"ФИЛЬЧЕНКОВ","А","Д",1
732709920,"KADURIN","A"," ",1
1403667480,"НУГМАНОВ","Р","И",1
1038452768,"ALIPER","A"," ",1
-739593184,"ALEKSEEV","A"," ",1
657056841,"NIKOLENKO","S","I",1
-1976642528,"ОРЛОВ","С","Р",1
-1538948010,"IVANOVA","A","V",1
-1976053728,"ZHAVORONKOV","A"," ",1
1581003808,"VORONTSOV","K"," ",1
794626113,"MALCHEVSKAYA","E","A",1
2046851100,"ГАВРИЛЬЕВ","И","М",1
1023998997,"БУБНОВ","А","Е",1
-737969123,"РЫГОВСКИЙ","Д","Н",1
1259098145,"ГИБАДУЛИН","Р","С",1
755871776,"ШКЛЯРУК","М","Р",1
806507552,"DAVYDOW","A"," ",1
-635779040,"SIROTKIN","A"," ",1
-983786468,"СОЛЬНИЦЕВ","Р","М",1
-2023878632,"ЛЯХОВА","Ю","И",1
1715573776,"СЕНАТОР","С","А",1
-1925841904,"МАЛЬЧЕВСКАЯ","Е","А",1
-82632688,"КОРЕПАНОВА","А","А",1
-833670115,"ПЕТРОВ","Д","Н",1
778881056,"MALCHEVSKAIA","E"," ",1
-1223648240,"МИКОНИ","С","А",1
1616755744,"ГАВРИЛОВА","М","Р",1
-611019755,"ТУТУБАЛИНА","Е","Е",1
1623925784,"КОВЫРШИНА","Ю","И",1
-1077087208,"МАДЖИДОВ","Т","И",1
287049749,"ДОЛГОРУКОВ","А","Е",1
-1788373992,"КОЗЛОВА","И","И",1
-2064142304,"ВОЛКОВА","М","Р",1
-2127834080,"IVANOV","V"," ",1
-833674211,"ПЕТРОВ","А","Н",1
-834574315,"ТОРОПОВА","А","Е",1
-2108856296,"НИКОЛЕНКО","С","И",1
-797243348,"МУСАБИРОВ","И","Ь",1
1266243616,"SHALIMOV","A"," ",1
-2105850846,"КОМЕЛИНА","Н","Т",1
659137555,"КАЛМЫКОВА","О","Г",1
-833674220,"ПЕТРОВ","А","Д",1
-763488222,"ТУЛУПЬЕВА","Т","Т",1
1565037589,"БРОДОВСКАЯ","Е","Е",1
-800745448,"КУЧЕРОВА","И","И",1
-1975350243,"КОВАЛЕВСКАЯ","А","Н",1
226457632,"SUVOROVA","A"," ",1
-1418464238,"ПИСЬМАРКИНА","Е","В",1
41335824,"ДРОБЫШЕВСКИЙ","С","А",1
1081974805,"ЮГАЙ","Е","Е",1
-196499424,"АРИСТОВА","М","Р",1
-864643044,"ЛЫСЕНКО","Т","М",1
711079954,"ДУГАРЦЫРЕНОВ","А","В",1
-1772820448,"IGNATOV","D"," ",1
2001999904,"РАДЧЕНКО","Д","Р",1
-1201490924,"ВИНОКУРОВ","А","Д",1
-480446428,"ЮСУПОВ","Р","Ф",1
1500268565,"НИКОЛАЕВА","А","Е",1
795778069,"СУВОРОВА","А","Е",1
-597267430,"СЛЕЗКИН","Н","К",1
950260769,"КНЯЗЕВ","М","С",1
-1834586080,"МИЩЕНКО","Д","Р",1
-1951787998,"ДУШАКОВА","Н","Т",1
648605729,"РОЗЕНБЕРГ","Г","С",1
1235104784,"ФИЛЬЧЕНКОВ","А","А",1
1116011541,"СИРОТКИН","А","Е",1
-1333514219,"ОГНЕВ","А","Е",1
1451799578,"ЧЕРВАНЕВА","В","К",1
1116011538,"СИРОТКИН","А","В",1
1203478573,"КУДИНОВА","Г","Э",1
562220058,"ТИТОВ","В","К",1
-2068217824,"LOUKACHEVITCH","N"," ",1
-1635317731,"ЖДАНОВ","Р","Н",1
-691916711,"KHACHAY","M","Y",1
1468981266,"КОСТИНА","Н","В",1
-309512176,"НЕВСКИЙ","С","А",1
-220141503,"SHARYI","P","A",1
-1262650338,"КИН","Н","О",1
-1561240490,"KOSTINA","N","V",1
1656517653,"ТОЛСТОВ","А","Е",1
-256548834,"ХЛОБЫСТОВА","А","О",1
497648669,"ДАВИДЕНКО","О","Н",1
-2003527646,"АЗАРОВ","А","Т",1
1067040800,"БАЙДУЖ","М","Р",1
-140952544,"НЕКЛЮДОВ","С","Р",1
648602643,"РОЗЕНБЕРГ","А","Г",1
-1969367007,"ДМИТРИЕВА","О","С",1
-1733536752,"НЕЧАЕВ","В","А",1
634643474,"САКСОНОВ","С","В",1
-1259887584,"ABRAMOV","M"," ",1
-1579550702,"АБРАМОВ","М","В",1
-1378365413,"СТАРОСТИНА","А","Л",1
1048749139,"SHARAYA","L","S",1
-1597876208,"АРХИПОВА","Е","А",1
2110332946,"КОНОВАЛОВ","Г","В",1
150972445,"ТЕЛЯКОВ","А","Н",1
150985756,"ТЕЛЯКОВ","Н","М",1
195250247,"MAXIMOV","A","G",1
-1683390399,"ZOLOTIN","A","A",1
63739940,"СТОЛЯРОВА","В","Ф",1
1405748258,"АНДРОСОВ","А","Т",1
2046674964,"ГЛАЗКОВ","А","Д",1
-2015846367,"ФАХРЕТДИНОВ","Р","С",1
166653968,"ИВАНОВА","А","А",1
-1260206051,"ЧЕМЕЗОВ","Е","Н",1
818478104,"АЛЕКСЕЕНКО","Ю","И",1
1955551260,"БАБАЕВ","А","М",1
-1114839016,"ЧУЙКОВА","И","И",1
17370128,"ВАСЕНИН","В","А",1
818478098,"АЛЕКСЕЕНКО","Ю","В",1
-152308720,"РОГАНОВ","В","А",1
698081296,"ИВАНОВ","В","А",1
1955551252,"БАБАЕВ","А","Д",1
-96380863,"DMITRIENKO","N","A",1
231430230,"RAZOVA","E","V",1
389229587,"КОТЕЛЬНИКОВ","Е","Г",1
-1383558112,"KOTELNIKOV","E"," ",1
-817909744,"КОТЕЛЬНИКОВА","А","А",1
165934166,"LYASHOV","M","V",1
1965872154,"ЛЯШОВ","М","К",1
1965872146,"ЛЯШОВ","М","В",1
913079378,"MILOV","V","R",1
-942355436,"БЕРЁЗА","А","Д",1
-942355427,"БЕРЁЗА","А","Н",1
2104577056,"KHASIANOV","A"," ",1
1095025696,"GAFIYATULLINA","G"," ",1
231430176,"RAZOVA","E"," ",1
1876058144,"ZUEV","D"," ",1
1961038872,"ПРОЗОРОВ","Д","И",1
-705854446,"РАЗОВА","Е","В",1
1653988373,"КОРШУНОВ","А","Е",1
731882526,"ЛУКЬЯНЧЕНКО","Г","О",1
698081306,"ИВАНОВ","В","К",1
1653988368,"КОРШУНОВ","А","А",1
-886396894,"СОВЕТОВ","П","Т",1
657056800,"NIKOLENKO","S"," ",1
2032027669,"ПРОНКИНА","Т","Е",1
975172628,"СИЗОВ","А","Д",1
-1741709278,"СЕРБИНОВСКАЯ","Н","Т",1
-862970851,"БУРМЕНСКАЯ","Д","Н",1
-375483373,"ШАНЦ","Е","Г",1
278873104,"БОБРОВА","А","А",1
731882512,"ЛУКЬЯНЧЕНКО","Г","А",1
17370139,"ВАСЕНИН","В","Л",1
1955551256,"БАБАЕВ","А","И",1
638534680,"САПРЫКИН","Д","И",1
1955551253,"БАБАЕВ","А","Е",1
1857578020,"ХАСЬЯНОВ","А","Ф",1
1983882272,"ALEKSEENKO","Y"," ",1
-469707744,"MАТВЕЕВ","Г","Р",1
208889939,"VLASOV","I","S",1
1191216162,"КОЖАНОВА","Н","Т",1
1655828498,"ДАНИЛОВ","Г","В",1
1119289360,"ЗЕНЗИНОВ","А","А",1
-332235747,"БЕРЕЗА","А","Н",1
2109169688,"НИЯЗОВА","А","И",1
-660558832,"ПОТАПОВ","А","А",1
1118076949,"КОЦЮБИНСКАЯ","С","Е",1
1118076944,"КОЦЮБИНСКАЯ","С","А",1
-434598879,"КАТАСЁВ","А","С",1
-1976659947,"ОРЛОВ","А","Е",1
-2124979181,"ЕЛИЗАРОВ","С","Г",1
-153714672,"КРИВЧИКОВ","М","А",1
1298837537,"ЗУЕВ","Д","С",1
1591323666,"НАЗАРОВ","В","В",1
-951380966,"КОТЛЯРОВА","В","К",1
-2117976048,"АЛЕКСЕЕВ","А","А",1
-1795513310,"КОРОТОВСКИХ","Т","Т",1
-951380974,"КОТЛЯРОВА","В","В",1
-1538282475,"ЧЕЧКИН","А","Е",1
-641234920,"МЫЛЬНИКОВ","Д","И",1
-2109064171,"ЛОШКАРЕВ","А","Е",1
1408247824,"АФОНИН","С","А",1
-1681439712,"MARCHENKO","A"," ",1
-151057384,"ТОКУНОВ","Ю","И",1
-1795513326,"КОРОТОВСКИХ","Т","В",1
-2142560224,"ХУДЕНЕВА","М","Р",1
-61409247,"КОЗИЦЫН","А","С",1
-2124979168,"ЕЛИЗАРОВ","С","Р",1
-1579545568,"АБРАМОВ","С","Р",1
-2127834026,"IVANOV","V","V",1
3222606,"MINKOV","K","N",1
856165400,"ШПИЛЕВОЙ","Д","И",1
-1514048480,"ВОЛУШКОВА","В","Р",1
1308590097,"ХИСМАТУЛИН","М","Б",1
-1390767080,"САВИЦКИЙ","Ю","И",1
1612935201,"МЕДВЕДЕВ","Ю","С",1
-2074081262,"ТЕРЕХОВ","В","В",1
1329505309,"ШАРОВ","Д","Н",1
-587913198,"ЕЖЕЛА","В","В",1
1411699744,"БОЖКО","С","Р",1
1348172832,"ГЕЛЬЧИНСКИЙ","Б","Р",1
-1570044910,"ЛАТУХИН","Д","В",1
-2048203758,"ВОРОНИН","А","В",1
907315216,"ЖУКОВА","А","А",1
1168616480,"KARLINER","M"," ",1
-247037874,"PANOV","D","N",1
212442144,"TITOV","M"," ",1
-417646576,"ФИЛИППОВ","В","А",1
-729167844,"КУРБАСОВ","А","М",1
1359357971,"ВОРОНЦОВ","А","Г",1
-704273392,"ГОЛОВНЯ","О","А",1
-531221439,"GODIZOV","A","A",1
1605836832,"ROMANIOUK","A"," ",1
1997072415,"ВЯТКИН","Г","П",1
-595245038,"ЧУГУЕВ","К","В",1
71637074,"GEL'CHINSKIJ","B","R",1
1572941910,"LATUKHIN","D","V",1
-597888959,"PETROV","V","A",1
2097437722,"ЖУЧКОВА","В","К",1
-2093055968,"EIDELMAN","S"," ",1
1329501217,"ШАРОВ","А","С",1
914428960,"CHARNINE","M"," ",1
-1325158367,"КРИВОРОГОВА","А","С",1
-541634540,"МАЛИКОВ","А","Д",1
691495956,"ПАПУЛОВ","В","Д",1
1966532624,"НЕФЕДОВСКИЙ","В","А",1
-453034922,"EZHELA","V","V",1
-1117241279,"KRASHANININ","V","A",1
1966532634,"НЕФЕДОВСКИЙ","В","К",1
87223327,"БЕСКАЧКО","В","П",1
-994272238,"ВАРФОЛОМЕЕВА","С","В",1
1329501200,"ШАРОВ","А","А",1
-1432267758,"ПОСКОНИН","А","В",1
1034235922,"ДЮЛЬДИНА","Э","В",1
2066375698,"СТЕПАНОВА","М","В",1
-185637806,"GELCHINSKY","B","R",1
1825684496,"КРИВОЩЕКОВ","В","А",1
2120409120,"SOMIN","N"," ",1
1267379273,"BELOUSOV","V","I",1
-2053912496,"TKACHENKO","N","P",1
-846488511,"RYUTIN","R","A",1
1198233632,"KUZNETSOV","S"," ",1
-254433256,"ЗИГЛЕ","Е","И",1
51122241,"GOLOVNYA","O","A",1
-808020968,"ДУНАЙЦЕВ","А","И",1
-2086880173,"LUGOVSKY","K","S",1
-2086868909,"LUGOVSKY","V","S",1
1883394066,"ПОДГОРНОВ","Ф","В",1
117758038,"KUYANOV","Y","V",1
2143303700,"КУЗНЕЦОВ","С","Д",1
-766951408,"БЕЛОЗЕРОВА","А","А",1
47155221,"КОРЕНЧЕНКО","А","Е",1
1275829328,"BESKACHKO","V","P",1
-2086871998,"LUGOVSKY","S","B",1
-453034976,"EZHELA","V"," ",1
1470403649,"ILINYKH","S","A",1
-1091550179,"ШУНЯЕВ","К","Н",1
-1574437815,"LEONTEV","L","I",1
339319894,"ZENIN","O","V",1
-2074081264,"ТЕРЕХОВ","В","А",1
-1162851263,"KOROLEV","O","A",1
1546870850,"KHISMATULIN","M","B",1
-442209194,"ZHUCHKOVA","V","V",1
120676421,"KORENCHENKO","A","E",1
1831566419,"MEDVEDEV","Y","S",1
1860425752,"ИЛЬИНЫХ","Н","И",1
-1662832612,"СКЛАДЕНКО","Н","М",1
-615263203,"ПАНОВ","Д","Н",1
1860429840,"ИЛЬИНЫХ","С","А",1
-1811800030,"МОИСЕЕНКО","Н","Т",1
-1224754147,"ВОРОБЬЕВ","А","Н",1
1968747547,"ФЕДОРКОВА","Г","Л",1
-482258910,"ВОЛКОВ","В","Т",1
1968747550,"ФЕДОРКОВА","Г","О",1
-1335491552,"VANIACHINE","A"," ",1
1511692317,"СУХАРЕВ","Е","Н",1
1737134112,"ИБАТУЛЛИН","Р","Р",1
-141566944,"МАРТИШИН","С","Р",1
-313582560,"SMIRNOV","Y"," ",1
2104635421,"КОЛЕГОВ","Д","Н",1
-1117727728,"ВАРЮХИН","В","А",1
814944289,"ГУСАРЕНКО","А","С",1
1328991266,"БОГУН","В","Т",1
1602890770,"ЛОБЗЕНКО","П","В",1
-721972177,"ДАДАШОВА","А","Я",1
-1864806368,"ХРАПЧЕНКО","М","Р",1
1772874768,"СИМОНОВ","В","А",1
-1021530079,"АНИСИМОВА","Э","С",1
698079268,"ИВАНОВ","А","Ф",1
216874002,"ИЗМАЙЛОВА","Е","В",1
