"id","name","annotation","year","link","metric"
852530187,"SOCIAL ENGINEERING ATTACKS SECURITY ASSESSMENT OF CRITICAL DOCUMENTS, VERSION 01 FOR JAVA (SEA S ASSESSMENT CD JAV.V.01)",,2019,"/item.asp?id=39310636",0
-843509135,"К ВОПРОСУ ИНДИКАЦИИ СОЦИОИНЖЕНЕРНЫХ АТАК В СОЦИАЛЬНЫХ СЕТЯХ",,2017,"/item.asp?id=29965325",0
905805311,"ПСИХОЛОГИЧЕСКИЕ ОСОБЕННОСТИ, ПСИХИЧЕСКИЕ СОСТОЯНИЯ ПОЛЬЗОВАТЕЛЯ И ПРОФИЛЬ ЕГО УЯЗВИМОСТЕЙ В КОНТЕКСТЕ СОЦИОИНЖЕНЕРНЫХ АТАК",,2019,"/item.asp?id=42650164",2
-2020853634,"ГЕНЕРАЛИЗАЦИЯ МОДЕЛЕЙ ДЕРЕВЬЕВ АТАК НА СЛУЧАЙ СОЦИОИНЖЕНЕРНЫХ АТАК",,2011,"/item.asp?id=42743164",8
95642604,"ИССЛЕДОВАНИЕ ПРОФИЛЯ УЯЗВИМОСТЕЙ АВИАЦИОННОГО ПЕРСОНАЛА К СОЦИОИНЖЕНЕРНЫМ АТАКАМ",,2020,"/item.asp?id=42726766",0
-897945302,"УЯЗВИМОСТИ ПОЛЬЗОВАТЕЛЕЙ В КОНТЕКСТЕ СОЦИОИНЖЕНЕРНЫХ АТАК: ПСИХОЛОГИЧЕСКИЕ АСПЕКТЫ",,2019,"/item.asp?id=42714646",0
530208070,"МЕТОДОЛОГИЯ ОЦЕНИВАНИЯ КАЧЕСТВА МОДЕЛЕЙ И ЭФФЕКТИВНОСТИ КОМПЛЕКСНОГО МОДЕЛИРОВАНИЯ СЛОЖНЫХ ОБЪЕКТОВ",,2019,"/item.asp?id=41462093",0
374894408,"МОДЕЛЬНО-ОРИЕНТИРОВАННАЯ СИСТЕМА ОПЕРАТИВНОГО ПРОГНОЗИРОВАНИЯ РЕЧНЫХ НАВОДНЕНИЙ",,2019,"/item.asp?id=39212213",0
1344358118,"МЕЖДИСЦИПЛИНАРНАЯ ОТРАСЛЬ СИСТЕМНЫХ ЗНАНИЙ И ЕЕ ВЛИЯНИЕ НА РАЗВИТИЕ КИБЕРНЕТИКИ",,2019,"/item.asp?id=41727033",0
-947982451,"КОНЦЕПТУАЛЬНЫЕ ЗАДАЧИ ОБЕСПЕЧЕНИЯ БЕЗОПАСНОСТИ ""УМНОГО ГОРОДА"", НАСЫЩЕННОГО РОБОТАМИ С ИСКУССТВЕННЫМ ИНТЕЛЛЕКТОМ",,2020,"/item.asp?id=42571960",0
-508112425,"МЕТОДЫ И АЛГОРИТМЫ АДАПТАЦИИ МОДЕЛЕЙ ПЛАНИРОВАНИЯ ПРОМЫШЛЕННОГО ПРОИЗВОДСТВА",,2019,"/item.asp?id=39165747",0
-116038739,"LAS CAPACIDADES MAXIMAS DE LOS METODOS DE DETECCION DE INTRUSOS",,2019,"/item.asp?id=42510890",0
-575861758,"АУТЕНТИФИКАЦИЯ ПОЛЬЗОВАТЕЛЕЙ ПО КЛАВИАТУРНОМУ ПОЧЕРКУ ПРИ ИСПОЛЬЗОВАНИИ СИСТЕМ АВТОМАТИЧЕСКОГО ПРОКТОРИНГА",,2020,"/item.asp?id=42583892",0
-1621796233,"СТРУКТУРНЫЙ ПОДХОД К ПРОЦЕССУ СИНТЕЗА СИСТЕМЫ ЗАЩИТЫ ИНФОРМАЦИИ",,2017,"/item.asp?id=30268271",1
-1326673131,"THE INFORMATION SECURITY SYSTEM SYNTHESIS USING THE GRAPHS THEORY",,2017,"/item.asp?id=31050907",0
-1456671152,"ПОВЫШЕНИЕ ЭФФЕКТИВНОСТИ ФУНКЦИОНИРОВАНИЯ СЛУЖБЫ ДОВЕРЕННОЙ ТРЕТЬЕЙ СТОРОНЫ",,2018,"/item.asp?id=32555664",0
224906457,"AN APPROACH TO ESTIMATING OF CRITICALITY OF SOCIAL ENGINEERING ATTACKS TRACES",,2019,"/item.asp?id=38650252",1
403039816,"ПОДХОД НАИБОЛЬШЕГО ПРАВДОПОДОБИЯ К ЗАДАЧЕ ВЫЯВЛЕНИЯ ТРАЕКТОРИЙ СОЦИОИНЖЕНЕРНЫХ АТАК И СКОМПРОМЕТИРОВАННЫХ ПОЛЬЗОВАТЕЛЕЙ ИНФОРМАЦИОННЫХ СИСТЕМ",,2019,"/item.asp?id=40081988",0
-1437564556,"ПРИМЕНЕНИЕ МЕТОДОВ МАШИННОГО ОБУЧЕНИЯ В ЗАДАЧЕ ИДЕНТИФИКАЦИИ АККАУНТОВ ПОЛЬЗОВАТЕЛЯ В ДВУХ СОЦИАЛЬНЫХ СЕТЯХ",,2019,"/item.asp?id=42619783",0
819151194,"NOT/AND/OR EXPRESSION SIMPLIFIER VERSION 01 (N/A/O EXPSIMP V.01)",,2019,"/item.asp?id=41533079",0
-116545354,"REALIZATION B-TREE WITH COMPRESSION VERSION 01 FOR CPLUSPLUS (ROBTREECOM V.01)",,2019,"/item.asp?id=41533358",0
57648522,"EXTERNAL CONSISTENCY MAINTENANCE ALGORITHM FOR CHAIN AND STELLATE STRUCTURES OF ALGEBRAIC BAYESIAN NETWORKS: STATISTICAL EXPERIMENTS FOR RUNNING TIME ANALYSIS",,2019,"/item.asp?id=38636325",0
695522601,"СОЦИАЛЬНОЕ ВЛИЯНИЕ НА ПОЛЬЗОВАТЕЛЯ В СОЦИАЛЬНОЙ СЕТИ: ТИПЫ СВЯЗЕЙ В ОЦЕНКЕ ПОВЕДЕНЧЕСКИХ РИСКОВ, СВЯЗАННЫХ С СОЦИОИНЖЕНЕРНЫМИ АТАКАМИ",,2019,"/item.asp?id=37610619",0
523941995,"ЦИФРОВАЯ КУЛЬТУРА: СОЦИАЛЬНЫЕ СЕТИ И СОЦИОИНЖЕНЕРНЫЕ АТАКИ",,2019,"/item.asp?id=39160313",1
-1682325050,"ПРИМЕНЕНИЕ КОНТРОЛЬНОЙ КАРТЫ ШУХАРТА ПО КОЛИЧЕСТВЕННОМУ ПРИЗНАКУ (X-BAR И S КАРТЫ) ДЛЯ АНАЛИЗА ГЛАЗОДВИГАТЕЛЬНОЙ ДЕЯТЕЛЬНОСТИ ОПЕРАТОРОВ ДОСМОТРА С ИСПОЛЬЗОВАНИЕМ ТЕХНОЛОГИИ EYE-TRACKING",,2019,"/item.asp?id=37333226",0
59494015,"РАЗВИТИЕ ПЕРСПЕКТИВНЫХ СЕТЕВЫХ ТРЕНАЖЕРНЫХ КОМПЛЕКСОВ НА ВОЗДУШНОМ ТРАНСПОРТЕ С ПРИМЕНЕНИЕМ НЕЧЕТКИХ МОДЕЛЕЙ И ПОМЕХОУСТОЙЧИВОГО КОДИРОВАНИЯ",,2019,"/item.asp?id=41549940",0
996141109,"ПРОЕКТИРОВАНИЕ НЕЧЕТКИХ ПРАВИЛ В БАЗЕ ЗНАНИЙ ИНТЕЛЛЕКТУАЛЬНОЙ СИСТЕМЫ ОЦЕНКИ УРОВНЯ КОМПЕТЕНТНОСТИ ОПЕРАТОРОВ ДОСМОТРА НА ОСНОВЕ НЕЙРОСЕТЕВЫХ ТЕХНОЛОГИЙ",,2019,"/item.asp?id=38167087",0
-667541001,"АНАЛИЗ ПУТЕЙ ЦИФРОВОЙ ТРАНСФОРМАЦИИ АВИАПРЕДПРИЯТИЙ",,2020,"/item.asp?id=42515676",0
-319629062,"КЛАСТЕРИЗАЦИЯ РЕГИОНОВ ПРИВОЛЖСКОГО ФЕДЕРАЛЬНОГО ОКРУГА ПО СТЕПЕНИ РАЗВИТИЯ МАЛОГО ПРЕДПРИНИМАТЕЛЬСТВА",,2016,"/item.asp?id=26279883",0
1997444565,"ПРОГРАММНЫЙ КОМПЛЕКС ПО ОЦЕНИВАНИЮ ПОДГОТОВКИ ПЕРСОНАЛА К ПРОТИВОДЕЙСТВИЮ СОЦИОИНЖЕНЕРНЫМ АТАКАМ",,2018,"/item.asp?id=36387485",0
1112438006,"IDENTIFYING CRITICAL TRAJECTORY OF THE SPREAD OF A SOCIAL ENGINEERING ATTACK, VERSION 01 FOR JAVA (ICTS SEA JAV.V.01)",,2019,"/item.asp?id=39310684",0
1894287554,"QUANTIFICATION OF RELATIONS REPRESENTED IN THE SOCIAL NETWORK, VERSION 01 FOR CSHARP (QR SN CS.V.01)",,2019,"/item.asp?id=39310685",0
2042601055,"SOCIAL NETWORK DATA AGGREGATOR FOR ""VK"" AND ""OK.RU"", VERSION 01 FOR CSHARP (SNDA CS.V.01)",,2019,"/item.asp?id=39310841",0
1341463059,"КОНЦЕПТУАЛЬНЫЕ ПОДХОДЫ К ПОСТРОЕНИЮ СИСТЕМ ПОДДЕРЖКИ ПРИНЯТИЯ РЕШЕНИЙ ПРИ ОБЕСПЕЧЕНИИ АВИАЦИОННОЙ БЕЗОПАСНОСТИ В РАМКАХ ИНТЕЛЛЕКТУАЛЬНЫХ ТРАНСПОРТНЫХ СИСТЕМ",,2019,"/item.asp?id=39195410",0
-1921445456,"МЕТОД ОБНАРУЖЕНИЯ АНОМАЛИЙ ТРАФИКА В ВЫСОКОСКОРОСТНЫХ МУЛЬТИСЕРВИСНЫХ СЕТЯХ СВЯЗИ",,2019,"/item.asp?id=41348519",0
-779040784,"СИНТЕЗ НЕЧЕТКОЙ МОДЕЛИ КЛАССИФИКАЦИИ УРОВНЯ КОМПЕТЕНТНОСТИ ОПЕРАТОРОВ ДОСМОТРА С ПРИМЕНЕНИЕМ СУБТРАКТИВНОЙ КЛАСТЕРИЗАЦИИ И ANFIS-ОБУЧЕНИЯ",,2019,"/item.asp?id=39195412",0
256684865,"ПРИМЕНЕНИЕ ТЕХНОЛОГИИ ЕУЕ TRACKING И МЕТОДОВ МНОГОМЕРНОЙ СТАТИСТИКИ ДЛЯ СОВЕРШЕНСТВОВАНИЯ ПРОФЕССИОНАЛЬНОЙ ПОДГОТОВКИ ОПЕРАТОРОВ ДОСМОТРА",,2018,"/item.asp?id=36064057",0
2053382233,"ИОНИЗИРУЮЩИЕ ИЗЛУЧЕНИЯ КАК НЕГАТИВНЫЙ ФАКТОР В ПОДГОТОВКЕ АВИАЦИОННОГО ПЕРСОНАЛА",,2019,"/item.asp?id=42639266",0
-1951645256,"МОДЕЛЬ ЦИФРОВОГО МАРКИРОВАНИЯ АУДИОСИГНАЛОВ, УСТОЙЧИВОГО К ПЕРЕДАЧЕ ЧЕРЕЗ ВОЗДУШНЫЙ АУДИОКАНАЛ",,2017,"/item.asp?id=30102781",0
-923697045,"DISCRETE TRANSFORMATIONS AND NOISE-RESISTANT CODING OF STILL IMAGES IN STE-GANOGRAPHY PROBLEMS",,2019,"/item.asp?id=42612280",0
517141995,"МОДЕЛИ УПРАВЛЕНИЯ РИСКАМИ И РЕСУРСАМИ АВТОМАТИЗИРОВАННЫХ СИСТЕМ КРИТИЧЕСКОГО ПРИМЕНЕНИЯ ЖЕЛЕЗНОДОРОЖНОГО ТРАНСПОРТА С УЧЕТОМ ЭКОНОМИЧЕСКОГО ФАКТОРА",,2017,"/item.asp?id=32322217",3
-2002534911,"ЭФФЕКТИВНОЕ ФУНКЦИОНИРОВАНИЕ ИНФОРМАЦИОННОЙ СИСТЕМЫ КОМПАНИИ ПРИ ОПТИМАЛЬНОМ УРОВНЕ ЕЕ ЗАЩИЩЕННОСТИ",,2017,"/item.asp?id=32398700",0
268101486,"ОРГАНИЗАЦИОННО-МЕТОДИЧЕСКИЕ УСЛОВИЯ ФОРМИРОВАНИЯ ГОТОВНОСТИ СТУДЕНТОВ-ПСИХОЛОГОВ К ИСПОЛЬЗОВАНИЮ ИНФОРМАЦИОННО-КОМПЬЮТЕРНЫХ ТЕХНОЛОГИЙ В ПРОФЕССИОНАЛЬНОЙ ДЕЯТЕЛЬНОСТИ",,2008,"/item.asp?id=15230854",0
1667169741,"SYNTHESIS AND LEARNING OF SOCIALLY SIGNIFICANT BEHAVIOR MODEL WITH HIDDEN VARIABLES",,2019,"/item.asp?id=38636248",0
-965750843,"АВТОМАТИЗАЦИЯ ОЦЕНКИ СТЕПЕНИ ВЫРАЖЕННОСТИ ПСИХОЛОГИЧЕСКИХ ОСОБЕННОСТЕЙ ПОЛЬЗОВАТЕЛЕЙ В УПРАВЛЕНИИ КАДРАМИ: ТЕСТИРОВАНИЕ В СОЦИАЛЬНОЙ СЕТИ",,2018,"/item.asp?id=37029005",0
-8597894,"CHANGING THE INFORMATION SYSTEM'S PROTECTION LEVEL FROM SOCIAL ENGINEERING ATTACKS, IN CASE OF REORGANIZING THE INFORMATION SYSTEM'S USERS' STRUCTURE",,2018,"/item.asp?id=37534862",1
-2110503864,"METHODOLOGY AND STRUCTURE ADAPTATION ALGORITHM FOR COMPLEX TECHNICAL OBJECTS RECONFIGURATION MODELS",,2017,"/item.asp?id=41773923",1
-1121819705,"EARLY STAGES OF HIV TREATMENT CASCADE IN PEOPLE LIVING WITH HIV IN SAINT-PETERSBURG, RUSSIA",,2018,"/item.asp?id=35493877",0
-1567548219,"РАСПРЕДЕЛЕННЫЙ ПРОГРАММНЫЙ КОМПЛЕКС АВТОМАТИЗАЦИИ МОДЕЛИРОВАНИЯ И ПРОГНОЗИРОВАНИЯ НАВОДНЕНИЙ",,2017,"/item.asp?id=39361636",0
1164591621,"ПРИЛОЖЕНИЕ ДЛЯ АВТОМАТИЗИРОВАННОЙ ГЕНЕРАЦИИ ИМИТАЦИОННЫХ МОДЕЛЕЙ, ИХ ХРАНЕНИЯ И ПРОВЕДЕНИЯ ЭКСПЕРИМЕНТОВ (АС ""СИРИУС"")",,2016,"/item.asp?id=39341731",0
-835840137,"SECURITY ANALYSIS OF INFORMATION SYSTEMS TAKING INTO ACCOUNT SOCIAL ENGINEERING ATTACKS",,2011,"/item.asp?id=16984038",23
-1517650193,"ОЦЕНИВАНИЕ ЗАЩИЩЕННОСТИ ИНФОРМАЦИОННЫХ СИСТЕМ НА ОСНОВЕ ПОСТРОЕНИЯ ДЕРЕВЬЕВ СОЦИОИНЖЕНЕРНЫХ АТАК",,2011,"/item.asp?id=17077187",13
-1717102525,"АНАЛИЗ ЗАЩИЩЕННОСТИ АВТОМАТИЗИРОВАННЫХ СИСТЕМ С УЧЕТОМ СОЦИО-ИНЖЕНЕРНЫХ АТАК",,2011,"/item.asp?id=17077012",17
-1332372481,"АГЛОМЕРАТИВНЫЙ МЕТОД СЕГМЕНТАЦИИ ИЕРОГЛИФИЧЕСКОГО ТЕКСТА",,2010,"/item.asp?id=29789590",0
1998696501,"АЛГОРИТМ АГЛОМЕРАТИВНОЙ ИЕРАРХИЧЕСКОЙ КЛАСТЕРИЗАЦИИ ПРИ НАЛИЧИИ ОГРАНИЧЕНИЙ НА РАЗМЕР КЛАСТЕРОВ",,2018,"/item.asp?id=34870648",0
764206647,"РАЗРАБОТКА АЛГОРИТМА ИЕРАРХИЧЕСКОЙ АГЛОМЕРАТИВНОЙ КЛАСТЕРИЗАЦИИ ДЛЯ АНАЛИЗА ТЕКСТОВЫХ ДОКУМЕНТОВ",,2018,"/item.asp?id=35638004",1
-954257263,"АГЛОМЕРАТИВНАЯ КЛАСТЕРИЗАЦИЯ РЕЧЕВЫХ СЕГМЕНТОВ ФОНОГРАММЫ НА ОСНОВЕ БАЙЕСОВСКОГО ИНФОРМАЦИОННОГО КРИТЕРИЯ",,2013,"/item.asp?id=19055774",0
1259440275,"ПОДСИСТЕМА АГЛОМЕРАТИВНОЙ КОГНИТИВНОЙ КЛАСТЕРИЗАЦИИ КЛАССОВ СИСТЕМЫ ""ЭЙДОС"" (""ЭЙДОС-КЛАСТЕР"")",,2012,"/item.asp?id=30582781",10
-329442783,"АНАЛИЗ СПРОСА НА ПЛАТНЫЕ МЕДИЦИНСКИЕ УСЛУГИ ПОСРЕДСТВОМ КЛАСТЕРНОГО АНАЛИЗА",,2019,"/item.asp?id=36765449",0
86555310,"АЛГОРИТМ ВЫБОРА СРЕДНЕГО (MEAN SHIFТ) ДЛЯ ОБРАБОТКИ ИЗОБРАЖЕНИЙ",,2017,"/item.asp?id=32251018",0
528806019,"СПОСОБЫ КЛАСТЕРИЗАЦИИ ТЕКСТОВ",,2018,"/item.asp?id=35166569",0
-2060481158,"АЛГОРИТМ ЛОКАЛЬНОГО ПОИСКА В ОКРЕСТНОСТИ, ОБРАЗОВАННОЙ ПРИМЕНЕНИЕМ ЖАДНОЙ АГЛОМЕРАТИВНОЙ ПРОЦЕДУРЫ, ДЛЯ РЕШЕНИЯ СЕРИИ ЗАДАЧ КЛАСТЕРИЗАЦИИ",,2019,"/item.asp?id=41397490",0
732181644,"USER DATA AGGREGATOR FOR SOCIAL ENGINEERING ATTACKS MODELING VERSION 02 (SOCND AGGREGATOR V.02)",,2018,"/item.asp?id=39295471",0
-1226807185,"EMPLOYEES SOCIAL GRAPH ANALYZER FOR SOCIAL ENGINEERING ATTACKS MODELING JAVA VERSION 01 (ESGA FOR SEA MODELING J.V.01)",,2018,"/item.asp?id=39295131",0
-1939047300,"ИНЖЕНЕРИЯ ЗНАНИЙ И ИНТЕЛЛЕКТУАЛЬНЫЕ СИСТЕМЫ (МЕТОДИЧЕСКИЕ РЕКОМЕНДАЦИИ ДЛЯ КОНТАКТНОЙ И САМОСТОЯТЕЛЬНОЙ РАБОТЫ ОБУЧАЮЩИХСЯ ПО НАПРАВЛЕНИЮ ПОДГОТОВКИ 38.03.05 БИЗНЕС-ИНФОРМАТИКА НАПРАВЛЕННОСТЬ ""АРХИТЕКТУРА ПРЕДПРИЯТИЯ"")",,0,"/item.asp?id=42394889",0
1156560260,"СОВРЕМЕННЫЕ ИНФОРМАЦИОННО-КОММУНИКАЦИОННЫЕ ТЕХНОЛОГИИ В НАУЧНО-ИССЛЕДОВАТЕЛЬСКОЙ ДЕЯТЕЛЬНОСТИ И ОБРАЗОВАНИИ",,0,"/item.asp?id=42678751",0
-1649763559,"КОНЦЕПЦИЯ ПРИМЕНЕНИЯ MAPREDUCE В ИЕРАРХИЧЕСКОЙ АГЛОМЕРАТИВНОЙ КЛАСТЕРИЗАЦИИ",,2019,"/item.asp?id=41361922",0
2042813522,"ПРИМЕНЕНИЕ МЕТОДОВ КЛАСТЕРНОГО АНАЛИЗА ДЛЯ ИЗУЧЕНИЯ СТРУКТУРЫ РЫНКА НЕДВИЖИМОСТИ",,2014,"/item.asp?id=42546955",0
862717143,"КЛАСТЕРИЗАЦИЯ ЗАДАЧ, КАК ПРИНЦИП ОРГАНИЗАЦИИ МАТЕРИАЛА",,2018,"/item.asp?id=35014070",0
688714278,"ИССЛЕДОВАНИЕ ВИДОВ ЭКОНОМИЧЕСКОЙ ДЕЯТЕЛЬНОСТИ НА ОСНОВЕ КЛАСТЕРНОГО АНАЛИЗА",,2013,"/item.asp?id=24069204",1
-687061362,"ВИЗУАЛИЗАЦИЯ ПРОЦЕССА ОБУЧЕНИЯ НЕЙРОННОЙ СЕТИ НЕОКОГНИТРОН ДЛЯ РАСПОЗНАВАНИЯ СИМВОЛОВ",,2014,"/item.asp?id=23803609",0
976691540,"СРАВНЕНИЕ ПАРАМЕТРОВ ФИЛЬТРА ГАБОРА ДЛЯ ЭФФЕКТИВНОГО ИЗВЛЕЧЕНИЯ КРАЕВ",,2017,"/item.asp?id=29825493",2
2000621916,"ПРОЕКТИРОВАНИЕ ТОПОЛОГИИ НЕЙРОННОЙ СЕТИ ВЫДЕЛЕНИЯ КРАЕВ",,2018,"/item.asp?id=36494925",0
-1686668985,"ПРОЦЕДУРЫ ПОДДЕРЖКИ ПРИНЯТИЯ РЕШЕНИЙ ПРИ УПРАВЛЕНИИ ИНФОРМАЦИОННЫМ ОБЕСПЕЧЕНИЕМ",,2017,"/item.asp?id=30057932",3
1720807482,"КЛАСТЕРНЫЙ АНАЛИЗ ФИНАНСОВО-ЭКОНОМИЧЕСКОГО СОСТОЯНИЯ ПРЕДПРИЯТИЙ СТРОИТЕЛЬНОЙ ОТРАСЛИ",,2010,"/item.asp?id=15003533",14
-223725061,"РЕШЕНИЕ ЗАДАЧИ ПОСТРОЕНИЯ ГРАФА ЗАВИСИМОСТЕЙ ПРОГРАММНЫХ МОДУЛЕЙ В СИСТЕМЕ NODE.JS",,2019,"/item.asp?id=41561983",0
-1723512681,"ПРОГРАММА ПОДДЕРЖКИ НАВИГАЦИИ ПО ИНФОРМАЦИОННЫМ РЕСУРСАМ",,2017,"/item.asp?id=39364482",0
-264971721,"ПРОГРАММА ОПРЕДЕЛЕНИЯ РЕЛЕВАНТНОСТИ ТЕРМИНОВ",,2014,"/item.asp?id=39324977",0
-548297539,"ИСПОЛЬЗОВАНИЕ КЛАСТЕРНОГО АНАЛИЗА ПРИ ОПРЕДЕЛЕНИИ ЭЛЕКТРОЁМКОСТИ ОТРАСЛЕЙ ПРОМЫШЛЕННОСТИ И СЕКТОРОВ ЭКОНОМИКИ",,2011,"/item.asp?id=16378187",2
-386111379,"""РАЗРАБОТКА ПРИЛОЖЕНИЯ ""WEB-ANALYZER-CONTENT"" ДЛЯ АНАЛИЗА КОНТЕНТА HTML-ДОКУМЕНТОВ""",,2015,"/item.asp?id=39339816",0
-1953011888,"""РАЗРАБОТКА МОДУЛЯ ""SEARCHADIMPORT V2.2"" ДЛЯ ЗАГРУЗКИ ИЕРАРХИЧЕСКИХ ОБЪЕКТОВ ПОИСКОВОЙ ВЫДАЧИ""",,2017,"/item.asp?id=39374868",0
1812812180,"""РАЗРАБОТКА МОДУЛЯ ""STRATEGYEDITOR V1.2""",,2018,"/item.asp?id=39293900",0
-1567457272,"QUORRA V1.1",,2017,"/item.asp?id=39369539",0
-1570878504,"АЛГОРИТМ FDET ДЛЯ ПОСТРОЕНИЯ ПРОСТРАНСТВА ПРИЗНАКОВ КЛАССИФИКАЦИИ СЛОЖНЫХ ОБЪЕКТОВ В РАМКАХ ГРАФОВОЙ МОДЕЛИ",,2017,"/item.asp?id=30648341",0
237998794,"О НЕКОТОРЫХ ПОДХОДАХ К ИНФОРМАЦИОННОЙ ЗАЩИТЕ ЭЛЕКТРОННОЙ ОЧЕРЕДИ ЛПУ",,2012,"/item.asp?id=18043615",0
-67538931,"МОДИФИКАЦИЯ АЛГОРИТМА CLOPE ДЛЯ ОПТИМАЛЬНОЙ КЛАСТЕРИЗАЦИИ ПОИСКОВЫХ ЗАПРОСОВ",,2016,"/item.asp?id=27555233",0
-345559922,"""РАЗРАБОТКА ВЕБ-ПРИЛОЖЕНИЯ ""BETMANAGER"" ДЛЯ АВТОМАТИЧЕСКОЙ КОРРЕКТИРОВКИ СТАВОК В СИСТЕМЕ РАЗМЕЩЕНИЯ ПОИСКОВОЙ И КОНТЕКСТНОЙ РЕКЛАМЫ ЯНДЕКС.ДИРЕКТ.""",,2015,"/item.asp?id=39339814",0
1276344408,"""РАЗРАБОТКА ВЕБ-ПРИЛОЖЕНИЯ ""БИЗНЕС-СИМУЛЯТОР"" ДЛЯ РАСЧЕТА И СВЕДЕНИЯ ФИНАНСОВЫХ ПОКАЗАТЕЛЕЙ НА ПРЕДПРИЯТИИ""",,2015,"/item.asp?id=39339843",0
2034486155,"ПРИМЕНЕНИЕ КЛАСТЕРИЗАЦИИ ДАННЫХ ДЛЯ ВЫЯВЛЕНИЯ ОБОБЩЕННЫХ ПРИЕМОВ СОВЕРШЕНСТВОВАНИЯ ЭКСПЛУАТАЦИОННЫХ ХАРАКТЕРИСТИК",,2016,"/item.asp?id=27718612",0
1353308029,"PLDA-BASED SYSTEM FOR TEXT-PROMPTED PASSWORD SPEAKER VERIFICATION",,2015,"/item.asp?id=26856916",3
262920321,"SVID SPEAKER RECOGNITION SYSTEM FOR NIST SRE 2012",,2013,"/item.asp?id=20455798",23
-299017706,"BAYESIAN ANALYSIS OF SIMILARITY MATRICES FOR SPEAKER DIARIZATION",,2014,"/item.asp?id=23973483",2
1513720955,"МОДУЛЬ ГОЛОСОВОЙ ВЕРИФИКАЦИИ ПОЛЬЗОВАТЕЛЯ ПО ПАРОЛЬНОЙ ФРАЗЕ С ИСПОЛЬЗОВАНИЕМ ДЕТЕКТОРА РЕЧЕВОЙ АКТИВНОСТИ",,2018,"/item.asp?id=39295860",0
-48158231,"МОДУЛЬ ЗАЩИТЫ ОТ ИСПОЛЬЗОВАНИЯ ПОДЛОЖНЫХ БИОМЕТРИЧЕСКИХ ДАННЫХ ПРИ ВЕРИФИКАЦИИ ПО ЛИЦУ И ГОЛОСУ",,2017,"/item.asp?id=39372119",0
735897014,"ОЦЕНКА АУДИОВИЗУАЛЬНОГО СООТВЕТСТВИЯ ПРОИЗНОШЕНИЯ ПАРОЛЬНОЙ ФРАЗЫ ПРИ ВЕРИФИКАЦИИ ПОЛЬЗОВАТЕЛЯ",,2016,"/item.asp?id=30369537",0
1975275026,"NON-LINEAR PLDA FOR I-VECTOR SPEAKER VERIFICATION",,2015,"/item.asp?id=26892435",28
-1076640430,"МЕТОДЫ ДЕТЕКТИРОВАНИЯ СПУФИНГ-АТАК ПОВТОРНОГО ВОСПРОИЗВЕДЕНИЯ НА ГОЛОСОВЫЕ БИОМЕТРИЧЕСКИЕ СИСТЕМЫ",,2018,"/item.asp?id=35059973",1
1585439602,"INTERACTIVE PHOTO LIVENESS FOR PRESENTATION ATTACKS DETECTION",,2018,"/item.asp?id=35747330",0
1649109284,"АСК-АНАЛИЗ КАК МЕТОД ПОЗНАНИЯ И ПРОГНОЗИРОВАНИЯ СЕЙСМИЧНОСТИ",,0,"/item.asp?id=42396048",0
-798658543,"ИССЛЕДОВАНИЕ СТЭНФОРДСКИХ МАССОВЫХ РАССТРЕЛОВ В АМЕРИКЕ С ИСПОЛЬЗОВАНИЕМ АСК-АНАЛИЗА И СИСТЕМЫ ЭЙДОС НА ОСНОВЕ ДАННЫХ WEB-СЕРВЕРА KAGGLE",,0,"/item.asp?id=41462097",0
-430067146,"ПРОГНОЗИРОВАНИЕ ПРИСУТСТВИЯ ЧЕЛОВЕКА В ПОМЕЩЕНИИ НА ОСНОВЕ АСК-АНАЛИЗА ПОКАЗАНИЙ ДАТЧИКА",,0,"/item.asp?id=41462092",0
1272873160,"АВТОМАТИЗИРОВАННЫЙ СИСТЕМНО-КОГНИТИВНЫЙ АНАЛИЗ ВЗАИМОСВЯЗИ МЕЖДУ ХАРАКТЕРИСТИКАМИ ФУТБОЛИСТОВ И ИХ РАСПОЛОЖЕНИЕМ НА ПОЛЕ",,0,"/item.asp?id=41462377",0
384027882,"ОБЩАЯ МЕДИЦИНСКАЯ ДИАГНОСТИКА НА ОСНОВЕ ИНФОРМАЦИОННО-КОГНИТИВНОГО МОДЕЛИРОВАНИЯ ВЕРБАЛЬНЫХ НОЗОЛОГИЧЕСКИХ ОБРАЗОВ",,2020,"/item.asp?id=42513538",0
58500625,"СКОРИНГОВАЯ СИСТЕМА НА ОСНОВЕ ИНФОРМАЦИОННО-КОГНИТИВНОГО МОДЕЛИРОВАНИЯ",,2020,"/item.asp?id=42362160",0
-2079222566,"СПОСОБ АНАЛИЗА МНЕНИЙ В ТЕКСТАХ НА ОСНОВЕ ПРАВДОПОДОБНОГО ВЫВОДА",,2019,"/item.asp?id=41569028",0
1667281900,"ОРГАНИЗАЦИЯ НИР МАГИСТРОВ НАПРАВЛЕНИЯ ПОДГОТОВКИ 09.04.02 ""ИНФОРМАЦИОННЫЕ СИСТЕМЫ И ТЕХНОЛОГИИ""",,2018,"/item.asp?id=32589853",0
-1711063556,"АНАЛИЗ МЕТОДОВ МАРШРУТИЗАЦИИ В САМООРГАНИЗУЮЩИХСЯ СЕТЯХ СВЯЗИ",,2019,"/item.asp?id=42539824",0
-1305687554,"USECASES OF BLOCKCHAIN CRYPTOGRAPHIC HASH FUNCTIONS FOR DATA MONITORING INTEGRITY ENSURING",,2018,"/item.asp?id=38654496",0
1707244453,"ПРИМЕНЕНИЕ НЕЙРОСЕТЕВЫХ ТЕХНОЛОГИЙ ПРИ АВТОМАТИЧЕСКОМ ОБНАРУЖЕНИИ И РАСПОЗНАВАНИИ ОБРАЗОВ В ВИДЕОПОТОКЕ",,2019,"/item.asp?id=42540097",0
-249101451,"TOWARDS THE FORMALIZATION OF CONTRADICTIONS IN A LEGAL MULTIAGENT SYSTEM",,2019,"/item.asp?id=38939215",0
-1565704391,"РЕТРАНСЛЯТОР РАДИОСИГНАЛОВ",,2018,"/item.asp?id=37360433",1
2121040407,"ЭЛЕМЕНТЫ КОНЦЕПТУАЛЬНОЙ МОДЕЛИ ОБЕСПЕЧЕНИЯ КИБЕРБЕЗОПАСНОСТИ КРИТИЧЕСКИ ВАЖНЫХ ПРОМЫШЛЕННЫХ ОБЪЕКТОВ",,2018,"/item.asp?id=42420817",1
-748321420,"СПОСОБ ОБЕСПЕЧЕНИЯ КИБЕРБЕЗОПАСНОСТИ АСУ ТП С ПРИМЕНЕНИЕМ ЦИФРОВЫХ ДВОЙНИКОВ",,2019,"/item.asp?id=41208167",0
-1199394459,"A LOGICAL REASONING APPROACH FOR FAILURE DATA ANALYSIS",,2018,"/item.asp?id=38654238",0
-385633319,"ИНФОРМАЦИОННАЯ ПОДДЕРЖКА ПРОЦЕССОВ УПРАВЛЕНИЯ ПОЛНЫМ ЖИЗНЕННЫМ ЦИКЛОМ ИЗДЕЛИЙ",,2018,"/item.asp?id=36437722",0
457658623,"""ЦИФРОВЫЕ ТЕХНОЛОГИИ"" ПО ПОДГОТОВКЕ СИСТЕМЫ ПОКАЗАТЕЛЕЙ НАЦИОНАЛЬНОГО ИНДЕКСА РАЗВИТИЯ ЦИФРОВОЙ ЭКОНОМИКИ РОССИЙСКОЙ ФЕДЕРАЦИИ",,2019,"/item.asp?id=42433804",0
1593716360,"РАЗРАБОТКА УНИФИЦИРОВАННОГО КОМПЛЕКТА ТЕСТОВ И ЕГО ПРОГРАММНАЯ АПРОБАЦИЯ ПРИ РЕШЕНИИ ЗАДАЧ ПРОФЕССИОНАЛЬНОГО ОТБОРА В ОПЕРАТОРСКОЙ И ВОДИТЕЛЬСКОЙ ДЕЯТЕЛЬНОСТИ",,2018,"/item.asp?id=38028426",2
-862190079,"ФОРМИРОВАНИЕ ПРОСТРАНСТВА ПРИЗНАКОВ ДЛЯ ОПРЕДЕЛЕНИЯ ГРАНИЦ ЗЕРЕН СТРУКТУРНЫХ КОМПОНЕНТОВ СПЛАВА ПО ПОЛИХРОМАТИЧЕСКОМУ РАСТРОВОМУ ИЗОБРАЖЕНИЮ ЕГО МИКРОСТРУКТУРЫ",,2018,"/item.asp?id=37157711",0
367927899,"ПЕРСПЕКТИВЫ РАЗВИТИЯ ЦИФРОВОГО ОБРАЗОВАНИЯ И МАССОВЫХ ОТКРЫТЫХ ОНЛАЙН-КУРСОВ В ОЦЕНКАХ ПРЕПОДАВАТЕЛЕЙ И СТУДЕНТОВ",,2019,"/item.asp?id=41510046",0
-465858168,"ПРИМЕНЕНИЕ МЕТОДОВ КЛАСТЕРНОГО АНАЛИЗА ПРИ РЕАЛИЗАЦИИ ПЕРСОНАЛИЗАЦИИ ОНЛАЙН-ОБУЧЕНИЯ",,2019,"/item.asp?id=37075734",0
1257891600,"КЛАССИФИКАЦИЯ АБРАЗИВНЫХ КРУГОВ ПО ТОПОГРАФИИ ШЛИФОВАННОЙ ПОВЕРХНОСТИ ПЛАСТИН Р9М4К8 С ПРИВЛЕЧЕНИЕМ КЛАСТЕРНОГО АНАЛИЗА",,2016,"/item.asp?id=27311353",1
1658010907,"СЕТЕВОЙ АНАЛИЗ МОТИВОВ ПОВЕДЕНИЯ УЧАСТНИКОВ СООБЩЕСТВА BOINC.RU",,2017,"/item.asp?id=30005145",1
-2037659115,"ТИПОЛОГИЯ РЕГИОНОВ РОССИИ ПО ДИНАМИКЕ МИГРАЦИОННОЙ ПРИВЛЕКАТЕЛЬНОСТИ",,2015,"/item.asp?id=25664051",1
-1383840317,"ПРИМЕНЕНИЕ МЕТОДОВ МАШИННОГО ОБУЧЕНИЯ В СИСТЕМЕ УПРАВЛЕНИЯ ИНТЕЛЛЕКТУАЛЬНОЙ СОБСТВЕННОСТЬЮ НА ОСНОВЕ ТЕХНОЛОГИИ БЛОКЧЕЙН",,2019,"/item.asp?id=37947915",0
-1939050074,"ПОДХОД К КЛАССИФИКАЦИИ НЕСООТВЕТСТВИЙ С ЦЕЛЬЮ ФОРМИРОВАНИЯ ПОКАЗАТЕЛЕЙ КАЧЕСТВА АВТОМАТИЗИРОВАННЫХ СИСТЕМ ВОЕННОГО НАЗНАЧЕНИЯ",,2018,"/item.asp?id=42511226",0
2053238072,"МОДЕЛИРОВАНИЕ РЕГИОНАЛЬНОГО ИПОТЕЧНОГО ПОТЕНЦИАЛА: ЭКОНОМЕТРИЧЕСКИЙ ПОДХОД",,2012,"/item.asp?id=18777472",1
2037104858,"МЕТОД ПОСТРОЕНИЯ МОДЕЛЕЙ ИНФОРМАЦИОННО-АНАЛИТИЧЕСКОЙ ДЕЯТЕЛЬНОСТИ СУБЪЕКТОВ ЖИЗНЕННОГО ЦИКЛА АВТОМАТИЗИРОВАННЫХ СИСТЕМ ВОЕННОГО НАЗНАЧЕНИЯ",,2020,"/item.asp?id=42571284",0
1103203290,"МЕТОД ПОСТРОЕНИЯ МОДЕЛЕЙ ПРОЦЕССОВ ИНФОРМАЦИОННО-АНАЛИТИЧЕСКОЙ ДЕЯТЕЛЬНОСТИ СУБЪЕКТОВ ЖИЗНЕННОГО ЦИКЛА АВТОМАТИЗИРОВАННЫХ СИСТЕМ ВОЕННОГО НАЗНАЧЕНИЯ",,2019,"/item.asp?id=41156825",0
-64881468,"АНАЛИЗ ИННОВАЦИОННОЙ ДЕЯТЕЛЬНОСТИ РЕГИОНОВ РФ МЕТОДАМИ НЕЙРОСЕТЕВЫХ ТЕХНОЛОГИЙ",,2013,"/item.asp?id=19125264",1
-894500152,"ЗАДАЧИ ИНТЕЛЛЕКТУАЛЬНОГО АНАЛИЗА ДАННЫХ",,2019,"/item.asp?id=37605967",0
-1711034985,"ANTHROPOLOGICAL FOUNDATION OF DIGITAL CULTURE: TO THE PROBLEM OF ""ECOLOGY WORLDVIEW""",,2018,"/item.asp?id=38670885",0
-1912330251,"КЛАСТЕРИЗАЦИЯ ЛОГИСТИЧЕСКИХ СИСТЕМ",,2015,"/item.asp?id=25865823",0
1549275141,"ДВИЖУЩИЕ СИЛЫ ОРГАНИЗАЦИОННЫХ ФОРМ КЛАСТЕРНОГО ТИПА",,2015,"/item.asp?id=24974745",2
317431923,"КЛАСТЕРНЫЙ АНАЛИЗ И ЕГО ПРИМЕНЕНИЕ",,2006,"/item.asp?id=10365372",40
-1886878474,"ОБОСНОВАНИЕ ВЫДЕЛЕНИЯ ЦЕНТРАЛЬНО-ЧЕРНОЗЕМНОГО ЭКОНОМИЧЕСКОГО РАЙОНА ДЛЯ РАЗРАБОТКИ ОБЩЕЙ СТРАТЕГИИ РАЗВИТИЯ",,2017,"/item.asp?id=29418299",2
-553174151,"ПРОГРАММНЫЙ МОДУЛЬ АДАПТИВНОЙ ВИЗУАЛИЗАЦИИ ТРЕХМЕРНЫХ ОБЪЕКТОВ ВИРТУАЛЬНОЙ РЕАЛЬНОСТИ ДЛЯ ИННОВАЦИОННОЙ ПЛАТФОРМЫ ОНЛАЙН-ОБУЧЕНИЯ",,2019,"/item.asp?id=39309726",0
544597067,"DEVELOPMENT OF AN EFFECTIVE MODEL OF PARALLEL PROCESSING OF MULTIMEDIA DATA ON THE CPU AND GPU IN THE CLOUD SYSTEM",,2019,"/item.asp?id=42406204",0
912402287,"SIMULATION OF MULTIMEDIA DATA PARALLELIZATION PROCESS WHEN PROCESSING ON CPU AND GPU IN ONLINE LEARNING CLOUD PLATFORMS",,2019,"/item.asp?id=41711655",0
1569988798,"DEVELOPMENT AND RESEARCH OF ALGORITHMS FOR THE FORMATION THE INDIVIDUAL EDUCATIONAL TRAJECTORIES OF STUDENTS IN THE DIGITAL EDUCATIONAL PLATFORM",,2019,"/item.asp?id=41822768",0
-1001252717,"РАЗРАБОТКА ИНФОРМАЦИОННОЙ СИСТЕМЫ ОБЕСПЕЧЕНИЯ ПЕРСОНАЛИЗАЦИИ ОБУЧЕНИЯ В ЦИФРОВОЙ ОБРАЗОВАТЕЛЬНОЙ СРЕДЕ",,2020,"/item.asp?id=42532942",0
531510984,"ПРОТОТИП МОДУЛЯ ИНТЕЛЛЕКТУАЛЬНОГО ФОРМИРОВАНИЯ ИНДИВИДУАЛЬНОЙ ОБРАЗОВАТЕЛЬНОЙ ТРАЕКТОРИИ ОБУЧАЮЩЕГОСЯ ДЛЯ ЦИФРОВОЙ ПЛАТФОРМЫ (MODEDUPATH)",,2020,"/item.asp?id=42587112",0
-267008449,"РОЛЬ И МЕСТО ДИСТАНЦИОННЫХ ОБРАЗОВАТЕЛЬНЫХ ТЕХНОЛОГИЙ В СИСТЕМЕ ПОДГОТОВКИ ПРОГРАММИСТОВ",,2020,"/item.asp?id=42532941",0
-1210946567,"РЕШЕНИЕ ЗАДАЧИ КАТЕГОРИАЛЬНОЙ РЕГРЕССИИ С ПОМОЩЬЮ НЕЙРОННЫХ СЕТЕЙ И ГРАДИЕНТНОГО БУСТИНГА ДЛЯ ПРОГНОЗИРОВАНИЯ УСПЕВАЕМОСТИ ОБУЧАЮЩИХСЯ МАССОВЫХ ОТКРЫТЫХ ОНЛАЙН-КУРСОВ",,2020,"/item.asp?id=42532268",0
1345491170,"ОЦЕНКА ОБРАБАТЫВАЕМОСТИ ШЛИФОВАНИЕМ ПЛОСКИХ ДЕТАЛЕЙ ИЗ ВЫСОКОПРОЧНЫХ КОРРОЗИОННОСТОЙКИХ СТАЛЕЙ КРУГАМИ АЭРОБОР ПО ШЕРОХОВАТОСТЯМ ПОВЕРХНОСТИ",,2015,"/item.asp?id=22944336",0
927570646,"БЫСТРАЯ ПЕРЕНАЛАДКА СТАНКОВ С ЧПУ НА АВИАЗАВОДАХ",,2015,"/item.asp?id=26231072",0
-840410528,"CLASSIFICATION OF FLAT INSTRUMENTAL PLATES BY TOPOGRAPHY OF GROUND SURFACE USING CLUSTER ANALYSIS",,2016,"/item.asp?id=27613725",0
696884946,"TECHNOLOGICAL OPPORTUNITIES FOR INCREASING A BEARING SURFACE OF FLAT PARTS MADE FROM VT22 ALLOY DURING PENDULUM GRINDING",,2016,"/item.asp?id=27578185",1
-1367440139,"CONTACT ABILITY OPTIMIZATION OF THE SURFACE OF TITANIUM PARTS WITH DIFFERENT STIFFNESS DURING FLAT GRINDING BY HIGHLY POROUS WHEEL",,2018,"/item.asp?id=38633178",0
1564697769,"ДИНАМИКА СТАНОВЛЕНИЯ И РАЗВИТИЯ ВИРТУАЛЬНЫХ КОЛЛАБОРАТИВНЫХ СООБЩЕСТВ В СРЕДЕ АВТОРОВ И РЕДАКТОРОВ WIKIPEDIA[",,2018,"/item.asp?id=36982454",0
-770962939,"THE BEHAVIORAL PATTERNS OF VOLUNTEER COMPUTING COMMUNITIES",,2017,"/item.asp?id=31055893",0
-1248577878,"СТАТИСТИЧЕСКИЙ АНАЛИЗ КОММУНИКАЦИИ УЧАСТНИКОВ ВИРТУАЛЬНОГО СООБЩЕСТВА BOINC.RU",,2018,"/item.asp?id=35785147",0
1036665612,"СТАТИСТИЧЕСКИЙ АНАЛИЗ НАУЧНЫХ КОММУНИКАЦИЙ В АКАДЕМИЧЕСКОМ СООБЩЕСТВЕ",,2016,"/item.asp?id=28181556",1
-1312887785,"ДОБРОВОЛЬНЫЕ ВЫЧИСЛЕНИЯ В РОССИИ: ЭМПИРИЧЕСКАЯ МОДЕЛЬ ФАКТОРОВ, МОТИВИРУЮЩИХ УЧАСТИЕ",,2019,"/item.asp?id=41277360",0
-1595894530,"СОВЕРШЕНСТВОВАНИЕ ОРГАНИЗАЦИИ ТЫЛОВОГО ОБЕСПЕЧЕНИЯ ДЕЯТЕЛЬНОСТИ ТАМОЖЕННЫХ ОРГАНОВ РОССИЙСКОЙ ФЕДЕРАЦИИ",,2019,"/item.asp?id=41870570",0
493730663,"СИСТЕМНЫЙ АНАЛИЗ ИННОВАЦИОННОГО ПРОЦЕССА КАК ПРОСТРАНСТВА ИНТЕРАКТИВНОГО ВЗАИМОДЕЙСТВИЯ áКТОРОВ ИННОВАЦИЙ",,2018,"/item.asp?id=36982451",0
-270626713,"СЕТЕВЫЕ ФОРМЫ ОРГАНИЗАЦИИ НАУЧНЫХ ИССЛЕДОВАНИЙ",,2016,"/item.asp?id=27490285",0
439382970,"THE GAME CHARACTER OF COLLABORATION IN VOLUNTEER COMPUTING COMMUNITY",,2018,"/item.asp?id=38658345",0
1329877154,"PROBLEMS OF THE DEVELOPMENT OF INNOVATION CUSTOMS TECHNOLOGIES IN THE FORMATION OF THE DIGITAL ECONOMY",,2018,"/item.asp?id=38670628",0
950409830,"АНАЛИЗ ИСТОРИЧЕСКИХ ЗАКОНОМЕРНОСТЕЙ РАЗВИТИЯ ИННОВАЦИЙ",,2020,"/item.asp?id=42736396",0
282047821,"ОБРАЗОВАНИЕ В ОБЛАСТИ ИНТЕЛЛЕКТУАЛЬНОЙ СОБСТВЕННОСТИ: СТАТИСТИКА БОЛЬШИХ ДАННЫХ И ПАТЕНТНЫЕ ЛАНДШАФТЫ",,2018,"/item.asp?id=32532478",0
-229771135,"ПЕРСПЕКТИВЫ РАЗВИТИЯ ЭФФЕКТИВНОГО ВЗАИМОДЕЙСТВИЯ ТАМОЖЕННЫХ ОРГАНОВ С ОБЩЕСТВЕННОСТЬЮ",,2020,"/item.asp?id=42736394",0
-1505736323,"УСТРОЙСТВО ДЛЯ РЕШЕНИЯ ЗАДАЧИ ОЦЕНКИ СТЕПЕНИ ВЛИЯНИЯ ХАРАКТЕРИСТИК СИСТЕМЫ РЕМОНТА НА ПОКАЗАТЕЛИ ПАРКА ВООРУЖЕНИЯ, ВОЕННОЙ И СПЕЦИАЛЬНОЙ ТЕХНИКИ ГРУППИРОВКИ ВОЙСК ПРОТИВОВОЗДУШНОЙ ОБОРОНЫ",,2019,"/item.asp?id=38143124",1
1657176197,"О МНОГООБРАЗИИ МОДУЛЕЙ M P 3 (2;0,15) СТАБИЛЬНЫХ 2-РАССЛОЕНИЙ С КЛАССАМИ ЧЕРНА С ;=0 И С 2=15 НА КОМПЛЕКСНОМ ПРОЕКТИВНОМ ПРОСТРАНСТВЕ",,2013,"/item.asp?id=21377698",1
-1935463493,"ПРОГРАММА ОТОБРАЖЕНИЯ ПЛАНОВ ПО РАЗРАБОТКЕ КОМПЛЕКСОВ СРЕДСТВ АВТОМАТИЗАЦИИ И ОСНАЩЕНИЮ ИМИ ОРГАНОВ УПРАВЛЕНИЯ РАСПРЕДЕЛЕННЫХ ИНФОРМАЦИОННО-УПРАВЛЯЮЩИХ СИСТЕМ",,0,"/item.asp?id=39310634",0
-272620795,"СИНЕРГЕТИЧЕСКИЙ ЭФФЕКТ ДЕЯТЕЛЬНОСТИ НАУЧНЫХ СЕКЦИЙ ДОМА УЧЕНЫХ ИМ. М. ГОРЬКОГО РАН: ИСТОРИЯ И СОВРЕМЕННОСТЬ",,0,"/item.asp?id=42393916",0
397584553,"РАЗВИТИЕ НАУКИ И НАУЧНО-ОБРАЗОВАТЕЛЬНОГО ТРАНСФЕРА ЛОГИСТИКИ",,0,"/item.asp?id=39449165",1
1844742193,"ХОЗЯЙСТВЕННАЯ СИСТЕМА ЕВРАЗИЙСКОГО ТИПА: ПРОБЛЕМЫ ЭКОНОМИЧЕСКОЙ НЕОПРЕДЕЛЕННОСТИ",,0,"/item.asp?id=41329597",0
230128544,"РАЦИОНАЛИЗАЦИЯ ЛОГИСТИЧЕСКОГО АДМИНИСТРИРОВАНИЯ ЭКСПОРТНО-ИМПОРТНЫХ ТОРГОВЫХ ОПЕРАЦИЙ",,0,"/item.asp?id=41338477",0
-1118778646,"ПРЕДЛОЖЕНИЯ ПО РАЗРАБОТКЕ ИНФОРМАЦИОННО-АНАЛИТИЧЕСКОЙ СИСТЕМЫ УПРАВЛЕНИЯ ЖИЗНЕННЫМ ЦИКЛОМ АСУ ВОЕННОГО НАЗНАЧЕНИЯ",,2016,"/item.asp?id=27593371",1
-645649345,"К ВОПРОСУ ПРИМЕНЕНИЯ МЕЖДУНАРОДНЫХ СТАНДАРТОВ ПРИ ОЦЕНКЕ КАЧЕСТВА АВТОМАТИЗИРОВАННЫХ СИСТЕМ ВОЕННОГО НАЗНАЧЕНИЯ",,2017,"/item.asp?id=32460504",6
-1590174511,"УНИВЕРСАЛЬНЫЙ ПОКАЗАТЕЛЬ ОЦЕНКИ ФУНКЦИОНАЛЬНОЙ ЭФФЕКТИВНОСТИ АВТОМАТИЗИРОВАННЫХ СИСТЕМ ВОЕННОГО И ГОСУДАРСТВЕННОГО НАЗНАЧЕНИЯ",,2017,"/item.asp?id=32297094",2
255402868,"СИСТЕМА КОНТРОЛЯ И КООРДИНАЦИИ ПОЛЕТОВ АВИАЦИИ",,2018,"/item.asp?id=38150440",0
55499082,"МЕТОДИЧЕСКИЙ ИНСТРУМЕНТАРИЙ ДИАГНОСТИКИ ИНВЕСТИЦИОННОГО ПОТЕНЦИАЛА РЕГИОНАЛЬНОГО ЖИЛИЩНОГО КОМПЛЕКСА",,2014,"/item.asp?id=21230911",2
468062897,"АНАЛИЗ ФИНАНСОВО-ЭКОНОМИЧЕСКОГО СОСТОЯНИЯ ПРЕДПРИЯТИЙ СТРОИТЕЛЬНОЙ ОТРАСЛИ МЕТОДАМИ МНОГОМЕРНОГО СТАТИСТИЧЕСКОГО АНАЛИЗА",,2011,"/item.asp?id=16446943",8
1583120034,"РАЗРАБОТКА МЕРОПРИЯТИЙ ПО ФОРМИРОВАНИЮ АКТИВНОЙ ПОЛИТИЧЕСКОЙ, ЭКОНОМИЧЕСКОЙ И ИНФОРМАЦИОННОЙ ПОДДЕРЖКИ ЭКСПОРТА ИННОВАЦИОННЫХ КОМПАНИЙ В УСЛОВИЯХ РЕГИОНАЛЬНОГО КЛАСТЕРА",,2015,"/item.asp?id=23717714",3
-179023142,"ПРОГРАММНЫЙ КОМПЛЕКС ДЛЯ ОНЛАЙН КЛАССИФИКАЦИИ СЕТЕВОГО ТРАФИКА",,2019,"/item.asp?id=39314500",0
988701323,"ИССЛЕДОВАНИЕ АЛГОРИТМА ISOLATION FOREST ПРИ БИНАРНОЙ КЛАССИФИКАЦИИ СЕТЕВЫХ АНОМАЛИЙ",,2019,"/item.asp?id=42496524",0
-409400044,"CLASSIFICATION OF ENCRYPTED APPLICATIONS OF TRAFFIC MOBILE DEVICES USING THE DATA MINING",,2019,"/item.asp?id=39228720",0
-696646910,"КЛАССИФИКАЦИЯ АНОМАЛЬНЫХ СОСТОЯНИЙ КОМПЬЮТЕРНЫХ СИСТЕМ СРЕДСТВАМИ ИНТЕЛЛЕКТУАЛЬНОГО АНАЛИЗА СИСТЕМНЫХ ЖУРНАЛОВ",,2020,"/item.asp?id=42629534",0
-1799235630,"СОЗДАНИЕ БАЗЫ ДАННЫХ СЕТЕВОГО ТРАФИКА ДЛЯ АВТОМАТИЗАЦИИ КЛАССИФИКАЦИИ МОБИЛЬНЫХ ПРИЛОЖЕНИЙ ПОД УПРАВЛЕНИЕМ ОПЕРАЦИОННОЙ СИСТЕМЫ ANDROID",,2019,"/item.asp?id=37314591",3
-866889565,"ПРОГРАММА ДЛЯ ВЫЧИСЛЕНИЯ ПРОГНОЗА ВРЕМЕННОГО РЯДА НА ОСНОВЕ ПОДБОРА ТРАЕКТОРИЙ ФРАКТАЛЬНОГО ГАУССОВСКОГО ШУМА",,2020,"/item.asp?id=42496785",0
-1179925709,"ДИАГНОСТИКА ""ЗДОРОВЬЯ"" КОМПЬЮТЕРНОЙ СЕТИ НА ОСНОВЕ СЕКВЕНЦИАЛЬНОГО АНАЛИЗА ПОСЛЕДОВАТЕЛЬНОСТНЫХ ПАТТЕРНОВ",,2020,"/item.asp?id=42621728",0
-949906166,"EXPERIMENTAL STUDIES OF NETWORK TRAFFIC OF MOBILE DEVICES WITH ANDROID OS",,2019,"/item.asp?id=39005706",1
203572382,"NETWORK QUALITY OPERATION PREDICTION BASED ON MACHINE LEARNING ALGORITHMS",,2019,"/item.asp?id=39005912",0
-1644512549,"МОДЕЛИРОВАНИЕ УГРОЗ ИНФОРМАЦИОННОЙ БЕЗОПАСНОСТИ С ИСПОЛЬЗОВАНИЕМ БАНКА ДАННЫХ ФСТЭК",,2019,"/item.asp?id=41502546",0
1738717655,"ПРОГРАММА ДЛЯ ВЫЧИСЛЕНИЯ ФРАКТАЛЬНОЙ РАЗМЕРНОСТИ ИЗОБРАЖЕНИЙ",,2019,"/item.asp?id=41533873",0
-405826300,"ПОВЫШЕНИЕ ЭФФЕКТИВНОСТИ КЛАССИФИКАЦИИ СЕТЕВОГО ТРАФИКА МОБИЛЬНЫХ УСТРОЙСТВ С ИСПОЛЬЗОВАНИЕМ АЛГОРИТМА RANDOM FOREST",,2019,"/item.asp?id=38584164",1
1843175991,"СТРАТЕГИИ ЦИФРОВЫХ ИЗМЕНЕНИЙ В ЛОГИСТИКЕ",,2019,"/item.asp?id=40103125",1
427781506,"STUDY OF MICRO-HARDNESS OF HIGH-SPEED W9MO4CO8 STEEL PLATES IN PENDULUM GRINDING BY ABRASIVE WHEEL PERIPHERY",,2017,"/item.asp?id=31062632",0
932238127,"РАЗРАБОТКА ЭФФЕКТИВНОГО СПОСОБА ПРАВКИ МАЛОЖЕСТКИХ ЦИЛИНДРИЧЕСКИХ ДЕТАЛЕЙ",,2019,"/item.asp?id=39229131",0
2011664333,"CHOOSING A SCHEME FOR SPECIFYING THE TRANSVERSE FEED DURING GRINDING OF P9M4K8 PLATES USING A NORTON VITRIUM ABRASIVE WHEEL TAKING INTO ACCOUNT BURNS AND MICROHARDNESS",,2017,"/item.asp?id=31034618",0
-1102538107,"MICROHARDNESS OF HIGH-SPEED P12Ф3К10M3 STEEL PLATES IN PENDULUM GRINDING BY THE PERIPHERY OF ABRASIVE WHEELS",,2015,"/item.asp?id=24970574",6
-300428044,"STATE SUPPORT FOR DIGITAL LOGISTICS",,2020,"/item.asp?id=41817242",0
-1463653103,"ИСПОЛЬЗОВАНИЕ МЕТОДОВ ДИНАМИЧЕСКОГО ПРОГРАММИРОВАНИЯ ПРИ СОСТАВЛЕНИИ УЧЕБНОГО ПЛАНА",,2012,"/item.asp?id=18887114",1
213317944,"ФУНДИРОВАНИЕ В ОПРЕДЕЛЕНИИ СОДЕРЖАНИЯ МАТЕМАТИЧЕСКОГО ОБРАЗОВАНИЯ БУДУЩЕГО УЧИТЕЛЯ",,2013,"/item.asp?id=21361645",6
451691392,"СПРАВОЧНЫЙ МАТЕРИАЛ И КОНТРОЛЬНЫЕ РАБОТЫ ПО МАТЕМАТИКЕ",,2014,"/item.asp?id=29102517",0
-143929740,"ДИДАКТИЧЕСКИЕ ФУНКЦИИ ТЕХНОЛОГИЗАЦИИ ШКОЛЬНОГО УЧЕБНИКА",,2018,"/item.asp?id=35564596",1
1783440060,"ФОРМИРОВАНИЕ МЕТОДИЧЕСКОЙ КОМПЕТЕНТНОСТИ БУДУЩЕГО УЧИТЕЛЯ МАТЕМАТИКИ НА ОСНОВЕ ФУНДИРОВАНИЯ ОПЫТА СТУДЕНТОВ В СЕТЕВОМ СООБЩЕСТВЕ",,2014,"/item.asp?id=22285084",5
-1185341667,"ПРОГНОЗИРОВАНИЕ ДИНАМИКА РАЗВИТИЯ ПРОИЗВОДСТВЕННОЙ СИСТЕМЫ НА ОСНОВЕ СТОХАСТИЧЕСКИХ МОДЕЛЕЙ",,2017,"/item.asp?id=29936841",1
1524111028,"ИССЛЕДОВАНИЕ ПРОЦЕССОВ ВЗАИМОДЕЙСТВИЯ ПРОИЗВОДСТВЕННОЙ И ИННОВАЦИОННОЙ СРЕД НА ОСНОВЕ СТОХАСТИЧЕСКИХ МОДЕЛЕЙ",,2017,"/item.asp?id=30021717",0
1527847350,"БЮДЖЕТИРОВАНИЕ КАК ТЕХНОЛОГИЯ УПРАВЛЕНИЯ",,2019,"/item.asp?id=41654417",0
787367806,"ОПТИМИЗАЦИЯ СТРУКТУРЫ ЭКОНОМИКИ ЦЕНТРАЛЬНО-ЧЕРНОЗЕМНОГО ЭКОНОМИЧЕСКОГО РЕГИОНА",,2017,"/item.asp?id=30511245",2
2014080396,"НАПРАВЛЕНИЯ И ПЕРСПЕКТИВЫ ИНТЕГРАЦИИ НАУКИ, ОБРАЗОВАНИЯ И ПРОИЗВОДСТВА",,2017,"/item.asp?id=35029852",0
1018941907,"ТЕОРЕТИЧЕСКИЕ ОСНОВЫ РАЗВИТИЯ РЕГИОНАЛЬНОЙ ЭКОНОМИКИ",,2017,"/item.asp?id=32286308",0
1103090980,"СИНЕРГЕТИЧЕСКИЙ ЭФФЕКТ В ИНТЕГРИРОВАННЫХ СТРУКТУРАХ",,2018,"/item.asp?id=41496665",0
146925549,"МЕТОДОЛОГИЧЕСКИЕ ОСНОВЫ НАЛОГООБЛОЖЕНИЯ НЕДВИЖИМОСТИ В СОВРЕМЕННЫХ УСЛОВИЯХ",,2019,"/item.asp?id=37283654",2
-2136324154,"ПЕРСПЕКТИВНЫЕ НАПРАВЛЕНИЯ РАЗВИТИЯ ЦЕНТРАЛЬНО-ЧЕРНОЗЕМНОГО МАКРОРЕГИОНА И ИСТОЧНИКИ ИХ ФИНАНСИРОВАНИЯ",,2019,"/item.asp?id=39389162",0
-1078314106,"ПРИМЕНЕНИЕ МЕТОДИЧЕСКОГО ИНСТРУМЕНТАРИЯ ФИНАНСОВОГО КОНТРОЛЯ В УПРАВЛЕНИИ ЭКОНОМИЧЕСКИМ СУБЪЕКТОМ",,2016,"/item.asp?id=28132338",0
1766069466,"ПРОГНОЗИРОВАНИЕ ДИНАМИКИ РАЗВИТИЯ ИННОВАЦИОННОЙ СРЕДЫ НА ОСНОВЕ СТОХАСТИЧЕСКИХ МОДЕЛЕЙ",,2017,"/item.asp?id=29160710",3
-1726163782,"ОЦЕНКА ДОБЫВАЮЩЕЙ ПРОМЫШЛЕННОСТИ В ОТРАСЛЕВОЙ СТРУКТУРЕ ЭКОНОМИКИ БЕЛГОРОДСКОЙ И КУРСКОЙ ОБЛАСТЕЙ",,2019,"/item.asp?id=39389166",0
742719762,"МЕСТО ИМУЩЕСТВЕННЫХ НАЛОГОВ В ДОХОДАХ РЕГИОНАЛЬНЫХ И МЕСТНЫХ БЮДЖЕТОВ",,2018,"/item.asp?id=39238472",0
-522630608,"СОДЕРЖАНИЕ И ЭВОЛЮЦИЯ ДЕФИНИЦИИ ""РЕСТРУКТУРИЗАЦИЯ"" НА МАКРО-, МЕЗО- И МИКРОУРОВНЯХ",,2016,"/item.asp?id=29116407",0
-517455758,"РАЗРАБОТКА НАПРАВЛЕНИЙ РЕГИОНАЛЬНОЙ ЭКОНОМИЧЕСКОЙ СТРАТЕГИИ В ЗАВИСИМОСТИ ОТ КЛАССИФИКАЦИИ ЭКОНОМИЧЕСКИХ КЛАСТЕРОВ ПО СТЕПЕНИ ИНТЕГРАЦИИ И УРОВНЮ УСТОЙЧИВОСТИ",,2017,"/item.asp?id=29418297",0
1758706664,"НАПРАВЛЕНИЯ СТРУКТУРНОЙ ДИВЕРСИФИКАЦИИ ЭКОНОМИКИ РЕГИОНОВ",,2017,"/item.asp?id=35600202",0
-2031461894,"ИЕРАРХИЧЕСКИЕ МЕТОДЫ КЛАСТЕРИЗАЦИИ ДАННЫХ И ИХ ХАРАКТЕРИСТИКИ",,2016,"/item.asp?id=26129552",0
433875523,"ФОРМИРОВАНИЕ СТРУКТУРЫ ПРЕДМЕТНОЙ ОБЛАСТИ С ПОМОЩЬЮ ИЕРАРХИЧЕСКОЙ КЛАСТЕРИЗАЦИИ",,2014,"/item.asp?id=22658190",6
1913959800,"СИСТЕМНЫЙ АНАЛИЗ ДАННЫХ С ПРИМЕНЕНИЕМ ИЕРАРХИЧЕСКОГО АЛГОРИТМА КЛАСТЕРИЗАЦИИ В СОВОКУПНОСТИ С МЕТОДАМИ АППАРАТА НЕЧЕТКОЙ ЛОГИКИ",,2015,"/item.asp?id=25946831",0
-329297940,"ИЕРАРХИЧЕСКИЕ АЛГОРИТМЫ КЛАСТЕРИЗАЦИИ МУЛЬТИСПЕКТРАЛЬНЫХ ИЗОБРАЖЕНИЙ И ИХ ИСПОЛЬЗОВАНИЕ ПРИ СОЗДАНИИ ТЕМАТИЧЕСКИХ КАРТ ПАВОДКОВОЙ ОБСТАНОВКИ",,2015,"/item.asp?id=25841252",0
826838059,"КЛАСТЕРНЫЙ АНАЛИЗ. ИЕРАРХИЧЕСКИЕ МЕТОДЫ КЛАСТЕРИЗАЦИИ",,2002,"/item.asp?id=23054872",0
368250700,"НОВЫЙ МЕТОД ПОИСКА НА ОСНОВЕ ИЕРАРХИЧЕСКОЙ КЛАСТЕРИЗАЦИИ ПО ОБЛАСТЯМ ТЕКСТОВЫХ ДОКУМЕНТОВ",,2009,"/item.asp?id=12690754",3
2016639171,"ПРИМЕНЕНИЕ МЕТОДА ИЕРАРХИЧЕСКОЙ КЛАСТЕРИЗАЦИИ ДЛЯ ВЫДЕЛЕНИЯ ГИПЕРОНИМИЧЕСКИХ СВЯЗЕЙ ПРИ АВТОМАТИЗИРОВАННОМ ПОСТРОЕНИИ СПЕЦИАЛИЗИРОВАННОГО ТЕЗАУРУСА",,2016,"/item.asp?id=27491580",0
428318940,"ИЕРАРХИЧЕСКАЯ КЛАСТЕРИЗАЦИЯ ТЕКСТОВЫХ ДОКУМЕНТОВ",,2012,"/item.asp?id=17744026",8
-299190839,"ВЫБОР РАЗМЕРНОСТИ И ДЕТАЛЬНОСТИ ДАННЫХ ДИСТАНЦИОННОГО ЗОНДИРОВАНИЯ ЗЕМЛИ ПРИ КЛАСТЕРИЗАЦИИ ГИСТОГРАММНЫМ ИЕРАРХИЧЕСКИМ АЛГОРИТМОМ",,2015,"/item.asp?id=25578088",0
-1650121782,"ИЕРАРХИЧЕСКИЕ АЛГОРИТМЫ КЛАСТЕРИЗАЦИИ ДЛЯ СЕГМЕНТАЦИИ МУЛЬТИСПЕКТРАЛЬНЫХ ИЗОБРАЖЕНИЙ",,2015,"/item.asp?id=24258466",15
-2133300000,"ИЕРАРХИЧЕСКАЯ КЛАСТЕРИЗАЦИЯ НЕФТЕПЕРЕРАБАТЫВАЮЩИХ ЗАВОДОВ РОССИИ",,2014,"/item.asp?id=22929415",7
345507177,"ИЕРАРХИЧЕСКАЯ КЛАСТЕРИЗАЦИЯ СТРАН МИРА НА НЕФТЯНОМ РЫНКЕ",,2015,"/item.asp?id=23765612",0
1978203568,"ЛОКАЛИЗАЦИЯ ОБЛАСТЕЙ ВОЗДЕЙСТВИЯ ДЕСТАБИЛИЗИРУЮЩИХ ФАКТОРОВ В СЕТИ СВЯЗИ НА ОСНОВЕ АЛГОРИТМА ИЕРАРХИЧЕСКОЙ КЛАСТЕРИЗАЦИИ ЛАНСА-ВИЛЬЯМСА",,2014,"/item.asp?id=22658714",4
-1862360075,"ИДЕНТИФИКАЦИЯ ОБЪЕКТОВ НА ОСНОВЕ КЛАСТЕРНОГО АНАЛИЗА",,2016,"/item.asp?id=27300021",0
-526124943,"ПАРАМЕТРИЗАЦИЯ ГЕОМЕТРИЧЕСКИХ МОДЕЛЕЙ",,2015,"/item.asp?id=23709969",1
1340305167,"DISCRETE MATHEMATICS",,0,"/item.asp?id=42364391",0
2113769986,"МЕТОДЫ МАШИННОГО ОБУЧЕНИЯ В НАУЧНЫХ ИССЛЕДОВАНИЯХ",,0,"/item.asp?id=41849142",0
394825052,"ALGEBRAIC BAYESIAN NETWORKS MATH STRUCTURE SYNTHESIZER, VERSION 01 FOR CSHARP (ALGBN MSS CS.V.01)",,0,"/item.asp?id=39310603",0
681093066,"МЕРЫ СХОДСТВА КЛАСТЕРИЗАЦИИ ТЕКСТОВЫХ ДОКУМЕНТОВ",,2018,"/item.asp?id=35561253",0
-1504544095,"ГИБРИДНАЯ МОДЕЛЬ БАЗЫ ДАННЫХ NOSQL ДЛЯ АНАЛИЗА СЕТЕВОГО ТРАФИКА",,2019,"/item.asp?id=37055268",12
-1454206054,"THE METHOD OF FORMING CONTENTS FOR A NOSQL STORAGE OF CONFIGURABLE INFORMATION SYSTEM",,2019,"/item.asp?id=35753293",1
-210507594,"ОСОБЕННОСТИ NOSQL И СРАВНЕНИЕ ИХ С РЕЛЯЦИОННЫМИ БАЗАМИ ДАННЫХ",,2017,"/item.asp?id=32294146",0
1983123640,"СРАВНИТЕЛЬНЫЙ АНАЛИЗ ПРОИЗВОДИТЕЛЬНОСТИ SQL И NOSQL СУБД",,2017,"/item.asp?id=32686845",3
-391477884,"NOSQL DATABASE RECORD VERSIONS PROCESSING MODEL",,2017,"/item.asp?id=31029559",0
-31604820,"NOSQL-ПОДХОД К ХРАНЕНИЮ ДАННЫХ В КОНФИГУРИРУЕМОЙ ИНФОРМАЦИОННОЙ СИСТЕМЕ",,2017,"/item.asp?id=32284847",1
-900687407,"ИССЛЕДОВАНИЕ NOSQL БАЗ ДАННЫХ",,2018,"/item.asp?id=32518732",2
-1100498939,"СРАВНИТЕЛЬНЫЙ АНАЛИЗ NOSQL БАЗ ДАННЫХ",,2017,"/item.asp?id=32246848",0
-1667835567,"МОДЕЛИ NOSQL БАЗ ДАННЫХ ДЛЯ МОНИТОРИНГА КИБЕРБЕЗОПАСНОСТИ",,2018,"/item.asp?id=35231622",8
1374359550,"ПРОГРАММНЫЙ КОМПОНЕНТ СТРУКТУРНОГО АНАЛИЗА СЕТЕВЫХ ИНФОРМАЦИОННЫХ ОБЪЕКТОВ В СИСТЕМЕ РАСПРЕДЕЛЕННЫХ ИНТЕЛЛЕКТУАЛЬНЫХ СКАНЕРОВ",,2019,"/item.asp?id=41532775",0
-273447094,"DETERMINING THE PARAMETERS OF THE MATHEMATICAL MODEL OF THE PROCESS OF SEARCHING FOR HARMFUL INFORMATION",,2020,"/item.asp?id=41817686",0
-1336190711,"СЕНСОРНЫЙ ИНТЕРФЕЙС ВЗАИМОДЕЙСТВИЯ ДЛЯ МОНИТОРИНГА БЕЗОПАСНОСТИ КОМПЬЮТЕРНОЙ СЕТИ",,2019,"/item.asp?id=41533261",0
1113145451,"КОМПОНЕНТ РАСПОЗНАВАНИЯ МУЛЬТИТАЧ ЖЕСТОВ ДЛЯ СЕНСОРНОГО ЭКРАНА",,2019,"/item.asp?id=41533181",0
2069480171,"ПРИМЕНЕНИЕ АДАПТИВНОГО СЕНСОРНОГО ИНТЕРФЕЙСА В ПРИЛОЖЕНИЯХ ИНФОРМАЦИОННОЙ БЕЗОПАСНОСТИ",,2020,"/item.asp?id=42739002",0
1833794425,"МОДУЛЬ ВИЗУАЛИЗАЦИИ СОБЫТИЙ КОМПЛЕКСНОЙ СИСТЕМЫ БЕЗОПАСНОСТИ",,2019,"/item.asp?id=39314533",0
-1001672193,"ПРОГРАММНОЕ ОБЕСПЕЧЕНИЕ КОНЦЕНТРАТОРОВ КОМПЛЕКСНОЙ СИСТЕМЫ БЕЗОПАСНОСТИ",,2019,"/item.asp?id=39311766",0
1796313131,"БИБЛИОТЕКА ДЛЯ УНИФИЦИРОВАННОГО ВЗАИМОДЕЙСТВИЯ С РАЗНОРОДНЫМИ ИСТОЧНИКАМИ ДАННЫХ В КОМПЛЕКСНОЙ СИСТЕМЕ БЕЗОПАСНОСТИ",,2019,"/item.asp?id=39314534",0
-169619905,"КОМПОНЕНТ СЕГМЕНТАЦИИ ПОЛЬЗОВАТЕЛЕЙ ПО ИХ АКТИВНОСТИ В СОЦИАЛЬНЫХ СЕТЯХ",,2019,"/item.asp?id=41364672",0
921224662,"КОМПОНЕНТ ИНИЦИАЛИЗАЦИИ ПРОГРАММНЫХ ИНТЕРФЕЙСОВ КОМПЛЕКСНОЙ СИСТЕМЫ БЕЗОПАСНОСТИ",,2019,"/item.asp?id=39309868",0
-1140330456,"УСТРОЙСТВО ДЛЯ ПРОГНОЗИРОВАНИЯ СЛУЧАЙНЫХ СОБЫТИЙ",,2019,"/item.asp?id=41323301",0
101909810,"ПРОГРАММНАЯ РЕАЛИЗАЦИЯ ПРОЦЕДУРЫ ВЕРИФИКАЦИИ ПОЛИТИК ДОСТУПА, ОСНОВАННЫХ НА АТРИБУТАХ, В СРЕДЕ UPPAAL",,2019,"/item.asp?id=41533307",0
-2064736791,"ВАРИАНТ АНАЛИТИЧЕСКОГО ОПИСАНИЯ СИСТЕМЫ УПРАВЛЕНИЯ ИНФОРМАЦИЕЙ И СОБЫТИЯМИ БЕЗОПАСНОСТИ",,2020,"/item.asp?id=42417073",0
-1600458311,"КОМПОНЕНТ ПРЕДОБРАБОТКИ ТРАФИКА В КОРПОРАТИВНОЙ КОМПЬЮТЕРНОЙ СЕТИ С ИСПОЛЬЗОВАНИЕМ АЛГОРИТМА MAP REDUCE В HADOOP КЛАСТЕРЕ",,2019,"/item.asp?id=41533474",0
-1928703470,"СИСТЕМА ОБНАРУЖЕНИЯ ИНСАЙДЕРОВ В КОРПОРАТИВНОЙ КОМПЬЮТЕРНОЙ СЕТИ С ИСПОЛЬЗОВАНИЕМ ТЕХНОЛОГИЙ МАШИННОГО ОБУЧЕНИЯ",,2019,"/item.asp?id=41533475",0
1616667820,"НЕЙРОСЕТЕВОЙ МОДУЛЬ ДЛЯ КЛАССИФИКАЦИИ ПОЛЬЗОВАТЕЛЕЙ СОЦИАЛЬНОЙ СЕТИ ПО ПСИХОЛОГИЧЕСКИМ ШКАЛАМ ТЕСТА АММОНА",,2019,"/item.asp?id=41364254",0
-1435573002,"КОМПОНЕНТ ВЫЧИСЛЕНИЯ МЕТРИК ДЛЯ ПОДДЕРЖКИ ПРИНЯТИЯ РЕШЕНИЙ ПО ПРОТИВОДЕЙСТВИЮ НЕЖЕЛАТЕЛЬНОЙ ИНФОРМАЦИИ В СЕТИ ИНТЕРНЕТ",,2019,"/item.asp?id=41363968",0
2058442412,"ОБЗОР NOSQL СИСТЕМ",,2017,"/item.asp?id=28818325",0
-885004036,"МОДЕЛЬ СИСТЕМЫ УПРАВЛЕНИЯ ИНФОРМАЦИЕЙ И СОБЫТИЯМИ БЕЗОПАСНОСТИ",,2020,"/item.asp?id=42708547",0
-402301861,"ИСПОЛЬЗОВАНИЕ НЕЙРОСЕТЕЙ ДЛЯ ПРОГНОЗИРОВАНИЯ ПОДВЕРЖЕННОСТИ ПОЛЬЗОВАТЕЛЕЙ СОЦИАЛЬНЫХ СЕТЕЙ ДЕСТРУКТИВНЫМ ВОЗДЕЙСТВИЯМ",,2020,"/item.asp?id=42714729",0
910466327,"FEATURES OF DESIGNING THE ARCHITECTURE OF INTELLIGENT TRANSPORT SYSTEMS",,2019,"/item.asp?id=41624126",0
-645126957,"THE CONCEPT OF THE METHOD FOR DYNAMIC CONTROL OF TRAFFIC FLOWS ON MULTI-LANE ROADS BASED ON CONFIGURABLE INFORMATION SYSTEMS",,2019,"/item.asp?id=35747744",1
-1670467350,"CONCEPTUAL MODEL OF NOSQL DATA WAREHOUSE ON THE BASE OF USER SKILLS STORING MODEL",,2019,"/item.asp?id=42458143",0
1953892131,"МАТЕМАТИЧЕСКОЕ МОДЕЛИРОВАНИЕ ПРОЦЕССОВ ДОРОЖНОГО РЕГУЛИРОВАНИЯ С ПРИМЕНЕНИЕМ МЕТОДА АНАЛИЗА ТОЧКИ ЗАДЕРЖКИ",,2019,"/item.asp?id=42428206",0
878249591,"ТЕХНОЛОГИЯ ИНТЕЛЛЕКТУАЛЬНОЙ ИНТЕГРАЦИИ КОРПОРАТИВНОЙ ИТ-ИНФРАСТРУКТУРЫ",,2019,"/item.asp?id=42428201",0
-1669935667,"THE APPROACH TO DETERMINING THE DELAY POINT IN TASKS OF DYNAMIC CONTROL OF TRANSPORT FLOWS",,2019,"/item.asp?id=42458228",0
-758176116,"СТРУКТУРА АВТОМАТИЗИРОВАННОЙ СИСТЕМЫ ЭКОЛОГИЧЕСКОГО МОНИТОРИНГА СОСТОЯНИЙ ВНЕШНЕЙ СРЕДЫ",,2019,"/item.asp?id=41240766",0
266833875,"PARSING EMPLOYEES PAGES IN WEBSITES OF SOCIAL NETWORK FOR SOCIAL ENGINEERING ATTACKS MODELING VERSION 01 (PEP IN WSSN V.01)",,0,"/item.asp?id=39291205",0
960985017,"METHODOLOGICAL FRAMEWORK FOR INFORMATION SYSTEMS DESIGN ON THE BASE OF ORGANIZED INTERPENETRATION OF FORMS OF POSSIBLE ACTIONS",,2019,"/item.asp?id=42458176",0
782009616,"АНАЛИЗ СИНТАКСИЧЕСКОГО РАЗБОРА ТЕКСТА С ПОМОЩЬЮ ПАРСЕРКОМБИНАТОРОВ",,2018,"/item.asp?id=37845250",0
-1455642082,"METHOD OF USER INTERFACE DESIGN BASED ON SEMANTIC APPROACH",,2019,"/item.asp?id=35756059",5
1952358152,"ОСНОВЫ ПРИКЛАДНОЙ ИНФОРМАТИКИ",,2018,"/item.asp?id=37263668",0
274639451,"SYNTHESIS OF THE LIFE CYCLE STAGES OF INFORMATION SYSTEMS DEVELOPMENT",,2019,"/item.asp?id=35733557",6
-996810934,"СРАВНИТЕЛЬНЫЙ АНАЛИЗ МОБИЛЬНЫХ ПРИЛОЖЕНИЙ ПО СПОСОБУ РАЗРАБОТКИ",,2019,"/item.asp?id=41801557",0
1463010438,"СПОСОБ ПОСТРОЕНИЯ МАРШРУТА ОБЩЕСТВЕННОГО ТРАНСПОРТА В РЕАЛЬНОМ ВРЕМЕНИ НА ОСНОВАНИИ ОТНОШЕНИЯ ПОДОБИЯ",,2019,"/item.asp?id=38714626",0
-1088688869,"СТРУКТУРА И РЕЖИМЫ ФУНКЦИОНИРОВАНИЯ СИСТЕМЫ ПОДДЕРЖКИ ПРИНЯТИЯ РЕШЕНИЙ ПРИ ЧРЕЗВЫЧАЙНОЙ СИТУАЦИИ НА ЖЕЛЕЗНОДОРОЖНОЙ СТАНЦИИ",,2017,"/item.asp?id=28862944",3
2044064357,"ОБРАБОТКА ДАННЫХ С БЫСТРОМЕНЯЮЩЕЙСЯ СТРУКТУРОЙ СРЕДСТВАМИ JSON В РЕЛЯЦИОННЫХ СУБД",,2017,"/item.asp?id=32629697",0
526889731,"ПРИМЕНЕНИЕ ИНФОРМАЦИОННО-УПРАВЛЯЮЩИХ СИСТЕМ В НАУКЕ И НА ПРОИЗВОДСТВЕ",,2016,"/item.asp?id=26755550",2
-1800015966,"ВОПРОСЫ ИНТЕГРАЦИИ И ЭФФЕКТИВНОГО ИСПОЛЬЗОВАНИЯ СИСТЕМЫ ОБЕСПЕЧЕНИЯ ВЫЗОВА ЭКСТРЕННЫХ ОПЕРАТИВНЫХ СЛУЖБ ПО ЕДИНОМУ НОМЕРУ ""112""",,2019,"/item.asp?id=41548557",0
-191401631,"AN EVALUATION OF TANE ALGORITHM FOR FUNCTIONAL DEPENDENCY DETECTION",,2017,"/item.asp?id=31057249",1
985764672,"BIG DATA: ANALYTICAL SOLUTIONS, RESEARCH CHALLENGES AND TRENDS",,2020,"/item.asp?id=42575060",0
-534309070,"IMPLEMENTING COMMON TABLE EXPRESSIONS FOR MARIADB",,2017,"/item.asp?id=30128192",0
-27685097,"AN OPTIMISTIC APPROACH TO HANDLE OUT-OF-ORDER EVENTS WITHIN ANALYTICAL STREAM PROCESSING",,2018,"/item.asp?id=36240539",0
-2065227240,"ARRAY DATABASE INTERNALS",,2018,"/item.asp?id=32663704",1
1366051446,"POSTGRESQL В ВЫСШЕМ ОБРАЗОВАНИИ",,2019,"/item.asp?id=37016852",0
-2013073841,"СОЗДАНИЕ НА МАТЕМАТИКО-МЕХАНИЧЕСКОМ ФАКУЛЬТЕТЕ СПБГУ НАУЧНО-ОБРАЗОВАТЕЛЬНОГО ИТ-КЛАСТЕРА НА БАЗЕ СОВРЕМЕННОЙ ФУНДАМЕНТАЛЬНОЙ МАТЕМАТИКИ",,2017,"/item.asp?id=29992380",3
-2124242915,"ОЦЕНКА КАЧЕСТВА СЛАБОСТРУКТУРИРОВАННЫХ ДАННЫХ ПРИ СОПОСТАВЛЕНИИ НЕЗАВИСИМЫХ ИСТОЧНИКОВ",,2018,"/item.asp?id=36236443",0
1575212434,"DISTRIBUTED CLASSIFICATION OF TEXT STREAMS: LIMITATIONS, CHALLENGES, AND SOLUTIONS",,2019,"/item.asp?id=41701484",0
-1910778359,"ПОСТРОЕНИЕ ГРАФО-АНАЛИТИЧЕСКОЙ МОДЕЛИ НА ОСНОВЕ РЕЕСТРА НАБОРОВ ОТКРЫТЫХ ДАННЫХ",,2017,"/item.asp?id=32625141",0
-914893625,"ОБЗОР СФЕР ПРИМЕНЕНИЯ ГРАФОВОЙ СУБД NEO4J",,2018,"/item.asp?id=35194766",0
1409875769,"СРАВНИТЕЛЬНЫЙ АНАЛИЗ ИСПОЛЬЗОВАНИЯ РЕЛЯЦИОННЫХ И ГРАФОВЫХ БАЗ ДАННЫХ В РАЗРАБОТКЕ ЦИФРОВЫХ ОБРАЗОВАТЕЛЬНЫХ СИСТЕМ",,2018,"/item.asp?id=36588581",0
-926843372,"ОБЗОР ГРАФОВЫХ БАЗ ДАННЫХ ORIENTDB И NEO4J",,2016,"/item.asp?id=30369052",0
159154247,"ПРОГРАММНАЯ РЕАЛИЗАЦИЯ ЗАДАЧИ ПОИСКА ОПТИМАЛЬНОГО ПУТИ НА ГРАФЕ",,2018,"/item.asp?id=34967728",0
-1319108936,"ТЕХНОЛОГИЯ ПРИМЕНЕНИЯ NOSQL БАЗ ДАННЫХ ПРИ ОРГАНИЗАЦИИ СЛОЖНЫХ ДРЕВОВИДНЫХ СТРУКТУР В ИНФОРМАЦИОННЫХ СИСТЕМАХ",,2015,"/item.asp?id=25090536",0
-599789628,"ГРАФОВЫЕ БАЗЫ ДАННЫХ НА ПРИМЕРЕ NEO4J",,2018,"/item.asp?id=32522590",0
-428413287,"ОБЕСПЕЧЕНИЕ ИНФОРМАЦИОННОЙ БЕЗОПАСНОСТИ С ПОМОЩЬЮ ГРАФОВЫХ БАЗ ДАННЫХ И ГРАФОВЫХ СИСТЕМ ПРЕДСТАВЛЕНИЯ И УПРАВЛЕНИЯ ЗНАНИЯМИ",,2017,"/item.asp?id=29315871",0
244940360,"ПРИМЕНЕНИЕ ГРАФОВЫХ БАЗ ДАННЫХ ДЛЯ РЕШЕНИЯ ЗАДАЧИ ПОИСКА АССОЦИАТИВНЫХ ПРАВИЛ",,2017,"/item.asp?id=28848374",0
-1429156617,"STABILITY AND MULTI-STABILITY OF ALGEBRAIC BAYESIAN NETWORK'S GLOBAL CONSISTENCY",,2005,"/item.asp?id=15542938",1
2047277863,"ARCHITECTURAL REPRESENTATION OF INFORMATION SYSTEMS DESIGN TOOL BASED ON ZACHMAN FRAMEWORK",,2019,"/item.asp?id=41700495",0
1121765189,"КОНЦЕПТУАЛЬНАЯ МОДЕЛЬ ХРАНИЛИЩА КОНФИГУРИРУЕМОЙ ИНФОРМАЦИОННОЙ СИСТЕМЫ В ВИДЕ НАВЫКОВ ПОЛЬЗОВАТЕЛЯ ПО ПОЛУЧЕНИЮ ОБЪЕКТОВ ДАННЫХ",,2018,"/item.asp?id=36334243",0
-829085660,"ФОРМИРОВАНИЕ ЕДИНОЙ ТРЕХМЕРНОЙ МОДЕЛИ ОБЪЕКТА НА ОСНОВЕ ДАННЫХ МНОГОРАКУРСНОГО СКАНИРОВАНИЯ",,2019,"/item.asp?id=42483558",0
845239213,"МЕТОДИКА СОКРАЩЕНИЯ РАЗМЕРА СЛАБОФОРМАЛИЗУЕМЫХ ДОКУМЕНТОВ ПРИ ХРАНЕНИИ НА ПРЕДПРИЯТИЯХ МИКРОЭЛЕКТРОННОЙ ПРОМЫШЛЕННОСТИ",,2019,"/item.asp?id=42483537",0
-1412083815,"ВЕРИФИКАЦИЯ МЕТОДИКИ КЛАССИФИКАЦИИ БИБЛИОГРАФИЧЕСКИХ ДАННЫХ НА ОСНОВЕ УСЛОВНО-СЛУЧАЙНЫХ ПОЛЕЙ",,2019,"/item.asp?id=41479996",0
-789094526,"ИСПОЛЬЗОВАНИЕ ПРАКТИКО-ОРИЕНТИРОВАННОГО ПОДХОДА ДЛЯ ПРОМЕЖУТОЧНОЙ АТТЕСТАЦИИ СТУДЕНТОВ ПО ДИСЦИПЛИНЕ ""ИНФОРМАТИКА""",,2018,"/item.asp?id=36980561",2
-876735456,"ПРАВИЛА ФОРМИРОВАНИЯ ИНТЕРФЕЙСА ИНФОРМАЦИОННОЙ СИСТЕМЫ НА БАЗЕ СМЫСЛОВОЙ АБСТРАКЦИИ",,2018,"/item.asp?id=36980476",0
1559259723,"МЯГКИЕ ВЫЧИСЛЕНИЯ И ИЗМЕРЕНИЯ",,0,"/item.asp?id=35030942",1
1133317752,"ALGEBRAIC BAYESIAN NETWORK LOCAL RECONCILER, VERSION 01 FOR CSHARP (ALGBN L RECONCILER CS.V.01)",,0,"/item.asp?id=39291475",0
715883750,"ALGEBRAIC BAYESIAN NETWORK DETERMINISTIC EVIDENCE LOCAL PROPAGATOR, VERSION 01 FOR CSHARP (ALGBN DEL PROPAGATOR CS.V.01)",,0,"/item.asp?id=39295170",0
1994610396,"СИСТЕМА ВИЗУАЛИЗАЦИИ ИНТЕРФЕЙСОВ И СТРУКТУР ДАННЫХ АЛГЕБРАИЧЕСКИХ БАЙЕСОВСКИХ СЕТЕЙ ALGEBRAIC BAYESIAN NETWORK WEB IMPLEMENTATION OF INTERFACES AND DATA STRUCTURE VISUALIZATION, VERSION 01 FOR JAVASCRIPT (ALGBN WI I&DSV JS.V.01)",,0,"/item.asp?id=39291206",0
-1485576340,"USER DATA AGGREGATOR FOR SOCIAL ENGINEERING ATTACKS MODELING VERSION 01 (SOCND AGGREGATOR V.01)",,0,"/item.asp?id=39291213",0
1031821330,"АЛГОРИТМ, ОСУЩЕСТВЛЯЮЩИЙ ЛОГИКО-ВЕРОЯТНОСТНЫЙ ВЫВОД В АЛГЕБРАИЧЕСКОЙ БАЙЕСОВСКОЙ СЕТИ ПРИ НАЛИЧИИ ОБОСОБЛЕННЫХ ЦИКЛОВ",,2013,"/item.asp?id=25014516",0
-993388751,"ЗАДАЧА ВЫБОРА РАСПРЕДЕЛЕНИЯ, ОТРАЖАЮЩЕГО ВЕРОЯТНОСТНУЮ СЕМАНТИКУ АЛГЕБРАИЧЕСКОЙ БАЙЕСОВСКОЙ СЕТИ",,2013,"/item.asp?id=26523385",0
-1977228597,"МАТРИЧНО-ВЕКТОРНЫЕ АЛГОРИТМЫ ЛОКАЛЬНОГО АПОСТЕРИОРНОГО ВЫВОДА В АЛГЕБРАИЧЕСКИХ БАЙЕСОВСКИХ СЕТЯХ НАД ИДЕАЛАМИ ДИЗЪЮНКТОВ",,2016,"/item.asp?id=27053013",3
1483723515,"АЛГЕБРАИЧЕСКИЕ БАЙЕСОВСКИЕ СЕТИ: НЕЛИНЕЙНАЯ ЗАДАЧА ОПТИМИЗАЦИИ В ЛОКАЛЬНОМ АПОСТЕРИОРНОМ ВЫВОДЕ ПРИ АТОМАРНОМ СТОХАСТИЧЕСКОМ СВИДЕТЕЛЬСТВЕ",,2012,"/item.asp?id=17918603",3
991268,"АЛГЕБРАИЧЕСКИЕ БАЙЕСОВСКИЕ СЕТИ: ОТКРЫТЫЕ ВОПРОСЫ ЛОКАЛЬНОГО АВТОМАТИЧЕСКОГО ОБУЧЕНИЯ",,2014,"/item.asp?id=26644661",4
-1873577730,"ЛОКАЛЬНОЕ ОБУЧЕНИЕ В АЛГЕБРАИЧЕСКИХ БАЙЕСОВСКИХ СЕТЯХ ПО ВЫБОРКЕ С ПРОПУЩЕННЫМИ ЗНАЧЕНИЯМИ: РАСПРЕДЕЛЕНИЕ ДИРИХЛЕ",,2012,"/item.asp?id=27476002",0
1679807863,"СТАТИСТИЧЕСКАЯ СЛОЖНОСТЬ СИНТЕЗА ВТОРИЧНОЙ СТРУКТУРЫ АЛГЕБРАИЧЕСКИХ БАЙЕСОВСКИХ СЕТЕЙ: ДВУХФАКТОРНЫЙ АНАЛИЗ",,2016,"/item.asp?id=26130319",2
809651699,"МЕТОДЫ ПОСТРОЕНИЯ И ОБРАБОТКИ СКРЫТЫХ МАРКОВСКИХ МОДЕЛЕЙ, ПРЕДСТАВЛЕННЫХ В ВИДЕ АЛГЕБРАИЧЕСКИХ БАЙЕСОВСКИХ СЕТЕЙ",,2013,"/item.asp?id=26521217",0
800680080,"МЕТОДЫ ОБРАБОТКИ СКРЫТЫХ МАРКОВСКИХ МОДЕЛЕЙ, ПРЕДСТАВЛЕННЫХ В ВИДЕ АЛГЕБРАИЧЕСКИХ БАЙЕСОВСКИХ СЕТЕЙ",,2014,"/item.asp?id=26522703",0
-678622603,"ПРЕДСТАВЛЕНИЕ БИНАРНЫХ ЛИНЕЙНЫХ ПО СТРУКТУРЕ СКРЫТЫХ МАРКОВСКИХ МОДЕЛЕЙ В ВИДЕ АЛГЕБРАИЧЕСКИХ БАЙЕСОВСКИХ СЕТЕЙ",,2010,"/item.asp?id=15561097",11
-312271894,"PREDICTING THE AGE OF SOCIAL NETWORK USERS FROM USER-GENERATED TEXTS WITH WORD EMBEDDINGS",,2016,"/item.asp?id=31036994",6
554728363,"IMPROVING NEURAL NETWORK MODELS FOR NATURAL LANGUAGE PROCESSING IN RUSSIAN WITH SYNONYMS",,2016,"/item.asp?id=31030193",0
-969982293,"РАЗВИТИЕ ЛОГИКО-ВЕРОЯТНОСТНОГО ПОДХОДА В АЛГЕБРАИЧЕСКИХ БАЙЕСОВСКИХ СЕТЯХ",,2017,"/item.asp?id=32297433",1
-2016016230,"УПРАВЛЕНИЕ СИНТЕЗОМ ОЦЕНОК ВЕРОЯТНОСТЕЙ В ОСОБЫХ КЛАССАХ СКРЫТЫХ МАРКОВСКИХ МОДЕЛЕЙ, ПРЕДСТАВЛЕННЫХ В ВИДЕ АЛГЕБРАИЧЕСКИХ БАЙЕСОВСКИХ СЕТЕЙ",,2012,"/item.asp?id=21718640",0
399313760,"PREFACE",,2017,"/item.asp?id=29481683",0
1309820343,"DRUGAN: AN ADVANCED GENERATIVE ADVERSARIAL AUTOENCODER MODEL FOR DE NOVO GENERATION OF NEW MOLECULES WITH DESIRED MOLECULAR PROPERTIES IN SILICO",,2017,"/item.asp?id=31061561",59
1295598619,"ИДЕНТИФИКАЦИЯ ЛЕКАРСТВЕННЫХ СРЕДСТВ СО СХОЖИМ ТЕРАПЕВТИЧЕСКИМ ДЕЙСТВИЕМ НА ОСНОВЕ СЕМАНТИЧЕСКОГО АНАЛИЗА ТЕКСТОВ",,2017,"/item.asp?id=30646191",1
2035812077,"USER PROFILING IN TEXT-BASED RECOMMENDER SYSTEMS BASED ON DISTRIBUTED WORD REPRESENTATIONS",,2017,"/item.asp?id=29491476",1
-1923090273,"ADDITIVE REGULARIZATION FOR TOPIC MODELING IN SOCIOLOGICAL STUDIES OF USER-GENERATED TEXTS",,2017,"/item.asp?id=31061448",2
-539653463,"TOPIC MODELLING FOR QUALITATIVE STUDIES",,2017,"/item.asp?id=29476561",37
652975100,"EFFICIENT FIB REPRESENTATIONS ON DISTRIBUTED PLATFORMS",,2017,"/item.asp?id=35513537",3
-1270809106,"A PROGRAMMABLE BUFFER MANAGEMENT PLATFORM",,2017,"/item.asp?id=35538274",1
-525761715,"СИСТЕМА АЛГОРИТМОВ СИНТЕЗА ПОДМНОЖЕСТВ МИНИМАЛЬНЫХ ГРАФОВ СМЕЖНОСТИ",,2013,"/item.asp?id=19416942",15
-1994476312,"ОЦЕНКИ СЛОЖНОСТИ АЛГОРИТМОВ СИНТЕЗА МИНИМАЛЬНЫХ ПО ЧИСЛУ РЕБЕР ГРАФОВ СМЕЖНОСТИ",,2013,"/item.asp?id=26548401",1
-1922768051,"ТРАВЛЕНИЕ ОЛОВЯННО-СВИНЦОВОГО МЕТАЛЛОРЕЗИСТА С МЕДНЫХ ПРОВОДНИКОВ ПЕЧАТНЫХ ПЛАТ",,2012,"/item.asp?id=17588285",5
-628676267,"ПОДХОДЫ К УСТРАНЕНИЮ ЦИКЛИЧНОСТИ ПЕРВИЧНОЙ СТРУКТУРЫ АЛГЕБРАИЧЕСКОЙ БАЙЕСОВСКОЙ СЕТИ",,2013,"/item.asp?id=19416917",2
-914947868,"AN APPROACH TO SENSITIVITY ANALYSIS OF INFERENCE EQUATIONS IN ALGEBRAIC BAYESIAN NETWORKS",,2018,"/item.asp?id=31067518",0
-1116989434,"ЧУВСТВИТЕЛЬНОСТЬ ОЦЕНКИ ВЕРОЯТНОСТИ СВИДЕТЕЛЬСТВА ЛОКАЛЬНОГО АПОСТЕРИОРНОГО ВЫВОДА В АЛГЕБРАИЧЕСКИХ БАЙЕСОВСКИХ СЕТЯХ: ВЫЧИСЛИТЕЛЬНЫЕ ЭКСПЕРИМЕНТЫ",,2018,"/item.asp?id=35619749",0
1421199672,"ALGEBRAIC BAYESIAN NETWORKS: THE USE OF PARALLEL COMPUTING WHILE MAINTAINING VARIOUS DEGREES OF CONSISTENCY",,2019,"/item.asp?id=38656368",0
-1039296371,"LEARNING BAYESIAN NETWORK STRUCTURE FOR RISKY BEHAVIOR MODELLING",,2019,"/item.asp?id=38636456",0
-1449050858,"ALGEBRAIC BAYESIAN NETWORK MINIMAL JOIN GRAPH SET LAZY CONSTRUCTOR, VERSION 01 FOR CSHARP (ALGBN MJGS LC CS.V.01)",,0,"/item.asp?id=39291214",0
1074689588,"МОДЕЛИРОВАНИЕ КОПУЛЫ ЗАВИСИМОСТИ ДЛИН ИНТЕРВАЛОВ МЕЖДУ ПОСЛЕДОВАТЕЛЬНЫМИ ЭПИЗОДАМИ ПОВЕДЕНИЯ ИНДИВИДА В ГАММА-ПУАССОНОВСКОЙ МОДЕЛИ",,2018,"/item.asp?id=35619757",0
1545275915,"К ВОПРОСУ О ПРОИЗВОДСТВЕННОМ ТРАВМАТИЗМЕ В РЕСПУБЛИКЕ САХА (ЯКУТИЯ) В 2011 - 2015 ГОДАХ",,2017,"/item.asp?id=31495041",0
1007110881,"PREDICTOR MINING: ПРИМЕНЕНИЕ МЕТОДОВ ИНТЕЛЛЕКТУАЛЬНОГО АНАЛИЗА ДАННЫХ В ЗАДАЧАХ СОЦИАЛЬНОГО КОМПЬЮТИНГА",,0,"/item.asp?id=19416912",10
1712686599,"РАВНОВЕРОЯТНОСТНЫЙ СИНТЕЗ РЕАЛИЗАЦИИ СЛУЧАЙНОГО МИНИМАЛЬНОГО ГРАФА СМЕЖНОСТИ",,0,"/item.asp?id=26548393",0
-1768574584,"БАЙЕСОВСКИЕ СЕТИ ДОВЕРИЯ В ЗАДАЧАХ РАСЧЕТА АБСОЛЮТНЫХ РИСКОВ, СООТНОШЕНИЯ РИСКОВ И ПОСТРОЕНИЯ МАТРИЦ ПЕРЕХОДА",,0,"/item.asp?id=26522709",0
-977241984,"ESSENTIAL TRAFFIC PARAMETERS FOR SHARED MEMORY SWITCH PERFORMANCE",,0,"/item.asp?id=26925615",9
-321413632,"SHARED MEMORY BUFFER MANAGEMENT FOR HETEROGENEOUS PACKET PROCESSING",,0,"/item.asp?id=23993348",16
2029459762,"TOPIC MODELING FOR ANSWERS DETECTION IN ONLINE GAME CHATS",,0,"/item.asp?id=29515083",0
762592988,"PLANNING IN COMPUTE-AGGREGATE PROBLEMS AS OPTIMIZATION PROBLEMS ON GRAPHS",,0,"/item.asp?id=35520574",1
1199606720,"СПЕЦИАЛИЗАЦИЯ ""АНАЛИЗ ДАННЫХ"". ВИРТУАЛЬНОЕ ОБРАЗОВАТЕЛЬНОЕ ОКРУЖЕНИЕ С ПОДДЕРЖКОЙ СРЕДСТВ ОБРАЗОВАТЕЛЬНОЙ АНАЛИТИКИ",,0,"/item.asp?id=27201531",1
1684718683,"МАТРИЧНЫЕ УРАВНЕНИЯ НОРМИРУЮЩИХ МНОЖИТЕЛЕЙ В ЛОКАЛЬНОМ АПОСТЕРИОРНОМ ВЫВОДЕ ОЦЕНОК ИСТИННОСТИ В АЛГЕБРАИЧЕСКИХ БАЙЕСОВСКИХ СЕТЯХ",,0,"/item.asp?id=24504401",19
120310091,"МАТРИЧНО-ВЕКТОРНЫЕ АЛГОРИТМЫ НОРМИРОВКИ ДЛЯ ЛОКАЛЬНОГО АПОСТЕРИОРНОГО ВЫВОДА В АЛГЕБРАИЧЕСКИХ БАЙЕСОВСКИХ СЕТЯХ",,0,"/item.asp?id=23028747",8
-2129661423,"МАТРИЧНО-ВЕКТОРНЫЕ АЛГОРИТМЫ ЛОКАЛЬНОГО АПОСТЕРИОРНОГО ВЫВОДА В АЛГЕБРАИЧЕСКИХ БАЙЕСОВСКИХ СЕТЯХ НАД ПРОПОЗИЦИЯМИ-КВАНТАМИ",,0,"/item.asp?id=23696009",7
-841325639,"THE INFLUENCE OF THE INTRA-ANNUAL DISTRIBUTION OF CLIMATE CHARACTERISTICS ON THE DIVERSITY OF VASCULAR PLANTS IN THE MIDDLE VOLGA REGION",,0,"/item.asp?id=41641460",0
-1159201438,"НОВЫЕ ФЛОРИСТИЧЕСКИЕ НАХОДКИ В РЕСПУБЛИКЕ БАШКОРТОСТАН, ОРЕНБУРГСКОЙ И САМАРСКОЙ ОБЛАСТЯХ",,0,"/item.asp?id=34917721",2
-737597913,"ОЦЕНКА УСТОЙЧИВОГО РАЗВИТИЯ ТЕРРИТОРИЙ С ИСПОЛЬЗОВАНИЕМ ЭКОЛОГИЧЕСКОГО СЛЕДА И БИОЛОГИЧЕСКОЙ ЕМКОСТИ",,0,"/item.asp?id=35034697",1
-1565573900,"ФОРМИРОВАНИЕ СЕМЕЙСТВЕННОГО СПЕКТРА АДВЕНТИВНОЙ ФРАКЦИИ ФЛОРЫ ЛЕСОСТЕПНОЙ ЗОНЫ САМАРО-УЛЬЯНОВСКОГО ПОВОЛЖЬЯ",,0,"/item.asp?id=30082182",0
-2114292644,"ТАКСОНОМИЧЕСКИЙ АНАЛИЗ СТЕПНЫХ ЦЕНОФЛОР СРЕДНЕГО ПОВОЛЖЬЯ",,0,"/item.asp?id=32333063",0
1058789376,"ГЕОБОТАНИЧЕСКАЯ БАЗА ДАННЫХ ""РАСТИТЕЛЬНОСТЬ БАССЕЙНОВ ВОЛГИ И УРАЛА"": ИСТОРИЯ И СОВРЕМЕННОЕ СОСТОЯНИЕ",,0,"/item.asp?id=32333085",0
1127745262,"ЛАБОРАТОРНАЯ ПЕЧЬ ДЛЯ ОПРОБОВАНИЯ РАДИОЭЛЕКТРОННОГО ЛОМА",,0,"/item.asp?id=37903579",1
-1674606876,"СПОСОБ ПРОХОДКИ НАКЛОННЫХ СТВОЛОВ И ГОРИЗОНТАЛЬНЫХ ПОДЗЕМНЫХ ВЫРАБОТОК В УСЛОВИЯХ КРИОЛИТОЗОНЫ",,0,"/item.asp?id=39534824",0
1580847700,"РАСЧЕТ ЗОН ТРЕЩИНООБРАЗОВАНИЯ И ВЕЛИЧИНЫ НЕДОБУРА ПРИ СКВАЖИННОЙ ОТБОЙКЕ РУДЫ НА РУДНИКЕ ""АЙХАЛ""",,0,"/item.asp?id=23267304",1
41614941,"ТЕХНОЛОГИЧЕСКИЕ РЕШЕНИЯ ПО ОТРАБОТКЕ ПОДМЕРЗЛОТНЫХ ГОРИЗОНТОВ МЕСТОРОЖДЕНИЯ БАДРАН",,0,"/item.asp?id=29900923",2
-689640275,"ОПРЕДЕЛЕНИЕ УСТОЙЧИВЫХ ОБНАЖЕНИЙ КРОВЛИ ОЧИСТНЫХ ВЫРАБОТОК НА ГОРИЗОНТЕ +490 III РУДНОГО СТОЛБА МЕСТОРОЖДЕНИЯ БАДРАН",,0,"/item.asp?id=30450813",0
-668903592,"ВЫБОР СИСТЕМЫ РАЗРАБОТКИ В УСЛОВИЯХ РОССЫПНОГО МЕСТОРОЖДЕНИЯ ""ОБРЫВ- РАЗВАЛИСТЫЙ-ПРОМЕЖУТОЧНЫЙ""",,0,"/item.asp?id=32234454",1
1016852406,"ОТРАБОТКА НИЖНИХ ГОРИЗОНТОВ ЗОЛОТОРУДНОГО МЕСТОРОЖДЕНИЯ ""БАДРАН"" С ПРИМЕНЕНИЕМ САМОХОДНОГО ОБОРУДОВАНИЯ",,0,"/item.asp?id=38509769",0
-235206760,"ОПРЕДЕЛЕНИЕ РАЗМЕРА ЗОНЫ ТРЕЩИНООБРАЗОВАНИЯ ПО МЕТОДИКЕ ПЕРГАМЕНТА В.Х. ПРИ ВЕДЕНИИ ВЗРЫВНЫХ РАБОТ В УСЛОВИЯХ РУДНИКА ""АЙХАЛ""",,0,"/item.asp?id=23433097",0
-1666147029,"АНАЛИЗ ПРОИЗВОДСТВЕННОГО ТРАВМАТИЗМА НА ПРЕДПРИЯТИЯХ ГОРНОДОБЫВАЮЩЕЙ ПРОМЫШЛЕННОСТИ РЕСПУБЛИКИ САХА (ЯКУТИЯ) В 2000-2013 ГОДАХ",,0,"/item.asp?id=22727975",0
585356531,"АНТРОПОЛОГ ГЛАЗАМИ ИНФОРМАНТА / ИНФОРМАНТ ГЛАЗАМИ АНТРОПОЛОГА",,0,"/item.asp?id=23550558",1
722500684,"ИССЛЕДОВАНИЕ МЕТОДОВ АВТОМАТИЧЕСКОГО АНАЛИЗА ТОНАЛЬНОСТИ ТЕКСТА",,0,"/item.asp?id=29752774",0
-1953783043,"ТЕСТИРОВАНИЕ МЕТОДОВ АНАЛИЗА ТОНАЛЬНОСТИ ТЕКСТА, ОСНОВАННЫХ НА СЛОВАРЯХ",,0,"/item.asp?id=28808151",1
-1811365118,"АНАЛИТИЧЕСКИЙ ОБЗОР МЕТОДОВ АНАЛИЗА ТОНАЛЬНОСТИ ТЕКСТА",,0,"/item.asp?id=27562843",0
205455280,"ДСМ-МЕТОД КАК ПОДХОД ДЛЯ АНАЛИЗА ТОНАЛЬНОСТИ ТЕКСТА",,0,"/item.asp?id=29428479",0
-1091847869,"МЕТОДЫ АВТОМАТИЗИРОВАННОГО АНАЛИЗА ТОНАЛЬНОСТИ ТЕКСТОВ В СРЕДСТВАХ МАССОВОЙ ИНФОРМАЦИИ",,0,"/item.asp?id=26493391",3
-1029792446,"КЛАССИФИКАЦИЯ ТЕКСТОВ ПО ТОНАЛЬНОСТИ НА ОСНОВЕ ДСМ-МЕТОДА И СИНТАКСИЧЕСКОГО АНАЛИЗА",,0,"/item.asp?id=27307649",2
-2001491793,"ИССЛЕДОВАНИЕ ВЛИЯНИЯ СПОСОБОВ ВЗВЕШИВАНИЯ ТЕРМИНОВ НА КАЧЕСТВО АНАЛИЗА ТОНАЛЬНОСТИ ТЕКСТОВ С ИСПОЛЬЗОВАНИЕМ ДСМ-МЕТОДА",,0,"/item.asp?id=26663969",2
-390966535,"THE APPLICATION OF NEURAL NETWORK FOR CYBERSECURITY",,0,"/item.asp?id=36737167",0
1157170233,"THE OSCILLATING-CUP VISCOMETER PLACED IN THE MAGNETIC FIELD: THE EXPERIMENTS UNDER LIQUID GALLIUM",,0,"/item.asp?id=13594290",1
-1361301299,"ГЕТЕРОГЕННАЯ СИСТЕМА ДЛЯ РАСПРЕДЕЛЕННЫХ ВЫЧИСЛЕНИЙ НА ПЛАТФОРМЕ .NET",,0,"/item.asp?id=39352425",0
-364133091,"КОНТРОЛЬ ВЫЧИСЛИТЕЛЬНОЙ НАГРУЗКИ CPU НА ПЛАТФОРМЕ .NET",,0,"/item.asp?id=39352423",0
703738572,"РЕКОНФИГУРИРУЕМОЕ УСТРОЙСТВО АППАРАТНОЙ РЕАЛИЗАЦИИ ГЕНЕТИЧЕСКОГО АЛГОРИТМА",,0,"/item.asp?id=37385539",1
16951787,"ПРОГРАММНЫЙ КОМПЛЕКС ДЛЯ РАСПРЕДЕЛЕННЫХ ВЫЧИСЛЕНИЙ НА ПЛАТФОРМЕ .NET",,0,"/item.asp?id=27362649",0
-1189729651,"ПРИМЕНЕНИЕ СЕРВИС-ОРИЕНТИРОВАННОЙ АРХИТЕКТУРЫ ДЛЯ СОЗДАНИЯ РАСПРЕДЕЛЕННЫХ ВЫЧИСЛИТЕЛЬНЫХ СИСТЕМ",,0,"/item.asp?id=27196293",3
-1519510674,"СТАТИСТИКО-ЛИНГВИСТИЧЕСКИЙ АНАЛИЗ СЛОВАРЕЙ ОЦЕНОЧНОЙ ЛЕКСИКИ",,0,"/item.asp?id=42585665",0
1484884400,"ИНФОРМАЦИОННЫЙ ПОИСК И АНАЛИЗ ТОНАЛЬНОСТИ ТЕКСТОВЫХ И РЕЧЕВЫХ ДОКУМЕНТОВ",,0,"/item.asp?id=39308880",0
-1185487422,"КОМПЬЮТЕРНАЯ ПОДДЕРЖКА ЭКСПЕРТНОЙ РАЗМЕТКИ ОЦЕНОЧНОЙ ЛЕКСИКИ",,0,"/item.asp?id=39301993",0
-92228826,"CONCENTRATION AREAS OF SENTIMENT LEXICA IN THE WORD EMBEDDING SPACE",,0,"/item.asp?id=38962152",0
-1829671376,"WHAT NUMBER OF FEATURES IS OPTIMAL? A NEW METHOD BASED ON APPROXIMATION FUNCTION FOR STANCE DETECTION TASK",,0,"/item.asp?id=41667329",0
1900206997,"THE ARRANGEMENT OF SENTIMENT LEXICA IN THE SPACE OF DISTRIBUTED WORD REPRESENTATIONS",,0,"/item.asp?id=38624734",0
1865208654,"ИССЛЕДОВАНИЕ МЕТОДОВ ВЫБОРА ОПТИМАЛЬНОГО КОЛИЧЕСТВА ПРИЗНАКОВ ДЛЯ РЕШЕНИЯ ЗАДАЧИ ОПРЕДЕЛЕНИЯ ТОЧКИ ЗРЕНИЯ АВТОРА ТЕКСТА",,0,"/item.asp?id=39548768",0
-1857246341,"LAWYER'S INTELLECTUAL TOOL FOR ANALYSIS OF LEGAL DOCUMENTS IN RUSSIAN",,0,"/item.asp?id=38696413",0
165372608,"ИНТЕЛЛЕКТУАЛЬНАЯ ИНФОРМАЦИОННАЯ СИСТЕМА ПОДДЕРЖКИ ПРИНЯТИЯ СУДЕБНЫХ РЕШЕНИЙ В СФЕРЕ ЭКОНОМИЧЕСКОГО ПРАВОСУДИЯ",,0,"/item.asp?id=36532257",0
-413025065,"A MACHINE LEARNING APPROACH TO CLASSIFICATION OF DRUG REVIEWS IN RUSSIAN",,0,"/item.asp?id=35768535",2
-974041091,"MEDICAL CONCEPT NORMALIZATION IN SOCIAL MEDIA POSTS WITH RECURRENT NEURAL NETWORKS",,0,"/item.asp?id=35730602",3
485500231,"ИСКУССТВЕННЫЙ ИНТЕЛЛЕКТ, МАШИННОЕ ОБУЧЕНИЕ, ГЛУБОКОЕ ОБУЧЕНИЕ: ВЗАИМОСВЯЗЬ ТЕРМИНОВ В РУССКОМ ЯЗЫКЕ",,0,"/item.asp?id=39158444",1
1561842508,"СПЕЦИФИКА МАТЕМАТИЗАЦИИ И КОМПЬЮТЕРИЗАЦИИ СОВРЕМЕННОЙ НАУКИ",,0,"/item.asp?id=38196918",0
993207972,"НЕЙРОСЕТЕВАЯ СИСТЕМА ОТСЛЕЖИВАНИЯ И РАСПОЗНАВАНИЯ ОБЪЕКТОВ В ВИДЕОПОТОКЕ",,0,"/item.asp?id=36810873",0
901281926,"ИНТЕЛЛЕКТУАЛЬНАЯ СИСТЕМА ОТСЛЕЖИВАНИЯ ОБЪЕКТОВ В ВИДЕОПОТОКЕ",,0,"/item.asp?id=39316985",0
248380506,"ТЕСТИРОВАНИЕ МНОГОЯДЕРНЫХ СИСТЕМ НА ОСНОВЕ ИДЕЙ АЛГОРИТМА RSA",,0,"/item.asp?id=36511076",0
-1027304408,"КОМБИНИРОВАНЫЙ НЕЙРОСЕТЕВОЙ ОПТИМИЗАЦИОННЫЙ АЛГОРИТМ",,0,"/item.asp?id=34910483",0
1086539725,"ПРОГРАММИРУЕМЫЕ НА ЯЗЫКАХ ВЫСОКОГО УРОВНЯ ЭНЕРГОЭФФЕКТИВНЫЕ СПЕЦИАЛИЗИРОВАННЫЕ СБИС ДЛЯ РЕШЕНИЯ ЗАДАЧ ИНФОРМАЦИОННОЙ БЕЗОПАСНОСТИ",,0,"/item.asp?id=36297310",0
687923220,"ЭМУЛЯТОР ФУНКЦИОНИРОВАНИЯ УСКОРИТЕЛЯ МНОГОПОТОЧНОЙ ОБРАБОТКИ",,0,"/item.asp?id=39298702",0
-1937287447,"БИБЛИОТЕКА ФУНКЦИЙ СТАНДАРТНЫХ ПРЕОБРАЗОВАНИЙ ДЛЯ УСКОРИТЕЛЯ МНОГОПОТОКОВОЙ ОБРАБОТКИ",,0,"/item.asp?id=39311866",0
-644280876,"МЕТАСТОХАСТИЧЕСКИЕ АДАПТИВНЫЕ АЛГОРИТМЫ И~ИХ~РЕАЛИЗАЦИЯ В~СУПЕРВЫЧИСЛИТЕЛЬНОЙ СРЕДЕ T++ AMP;MPI",,0,"/item.asp?id=28848239",0
1478309065,"ЭТИЧЕСКИЕ ПРОБЛЕМЫ БОЛЬШИХ ДАННЫХ",,0,"/item.asp?id=41267877",1
-1180968365,"КВЕСТ-ИГРА КАК ФОРМА ОРГАНИЗАЦИИ ВОСПИТАТЕЛЬНОЙ РАБОТЫ С ОБУЧАЮЩИМИСЯ ДЕТЬМИ",,0,"/item.asp?id=42316688",0
1185881852,"МАСТЕР-КЛАСС - ФОРМА АКТИВНОГО ОБУЧЕНИЯ АЛЬТЕРНАТИВНЫМ СРЕДСТВАМ КОММУНИКАЦИИ ПЕДАГОГОВ, РАБОТАЮЩИХ В УСЛОВИЯХ ИНКЛЮЗИВНОГО ОБРАЗОВАНИЯ",,0,"/item.asp?id=38201974",0
-1392493890,"МЕТОДОЛОГИЯ ОЦЕНКИ АКТИВНОСТИ И РЕЗУЛЬТАТИВНОСТИ НАУЧНОЙ ДЕЯТЕЛЬНОСТИ В МЕДИЦИНСКОЙ ОРГАНИЗАЦИИ: ОПЫТ НАЦИОНАЛЬНОГО МЕДИЦИНСКОГО ИССЛЕДОВАТЕЛЬСКОГО ЦЕНТРА НЕЙРОХИРУРГИИ ИМЕНИ АКАДЕМИКА Н. Н. БУРДЕНКО",,0,"/item.asp?id=42396973",0
1258228838,"МЕХАНИЗМЫ СИСТЕМЫ ""ИСТИНА"" ДЛЯ ИНТЕЛЛЕКТУАЛЬНОГО АНАЛИЗА СОСТОЯНИЯ И СТИМУЛИРОВАНИЯ ХОДА ВЫПОЛНЕНИЯ ПРОЕКТОВ В СФЕРЕ НАУКИ И ВЫСШЕГО ОБРАЗОВАНИЯ",,0,"/item.asp?id=41256620",0
563520889,"ИНТЕЛЛЕКТУАЛЬНАЯ СИСТЕМА ТЕМАТИЧЕСКОГО ИССЛЕДОВАНИЯ НАУКОМЕТРИЧЕСКИХ ДАННЫХ: СОСТОЯНИЕ И ПЕРСПЕКТИВЫ",,0,"/item.asp?id=42432021",0
133762517,"ИНФОРМАЦИОННО-СИСТЕМНАЯ БЕЗОПАСНОСТЬ КРИТИЧЕСКИХ СИСТЕМ",,0,"/item.asp?id=37340494",12
-1888556427,"ПРОМЕЖУТОЧНОЕ ПРЕДСТАВЛЕНИЕ ПРОГРАММ ДЛЯ ОПИСАНИЯ ТИПОВ В ТЕРМИНАХ СОПОСТАВЛЕНИЯ ЗНАЧЕНИЙ С ОБРАЗЦОМ",,0,"/item.asp?id=41806941",0
202213344,"СТАРТЕР Т-ПРИЛОЖЕНИЙ ДЛЯ Т-СИСТЕМЫ С ОТКРЫТОЙ АРХИТЕКТУРОЙ (OPENTS)",,0,"/item.asp?id=39297541",0
918730034,"ТРАНСЛЯТОР АССЕМБЛЕРНЫХ ПРОГРАММ ДЛЯ УСКОРИТЕЛЯ МНОГОПОТОКОВОЙ ОБРАБОТКИ",,0,"/item.asp?id=39299609",0
-2072827185,"ТЕСТИРОВАНИЕ МНОГОЯДЕРНЫХ ВЫЧИСЛИТЕЛЬНЫХ СИСТЕМ НА ОСНОВЕ ИДЕЙ АЛГОРИТМА RSA",,0,"/item.asp?id=37539884",0
2143562441,"ТРАНСЛЯТОР ПРОГРАММ ДЛЯ УСКОРИТЕЛЯ МНОГОПОТОКОВОЙ ОБРАБОТКИ",,0,"/item.asp?id=39311967",0
1342327453,"AEROSOL JET PRINTING OF PLATINUM MICROHEATERS FOR THE APPLICATION IN GAS SENSORS",,0,"/item.asp?id=38699340",0
2058283974,"ЭНЕРГОСБЕРЕГАЮЩАЯ ХОЛОДИЛЬНАЯ УСТАНОВКА С КОМБИНИРОВАННЫМ АККУМУЛЯТОРОМ ПРИРОДНОГО И ИСКУССТВЕННОГО ХОЛОДА ДЛЯ ЖИВОТНОВОДЧЕСКИХ ФЕРМ",,0,"/item.asp?id=37372051",1
2121206122,"СПОСОБ ИЗМЕРЕНИЯ КОНЦЕНТРАЦИИ АГЛОМЕРАТОВ НЕСФЕРИЧЕСКИХ НАНОРАЗМЕРНЫХ ЧАСТИЦ В ЖИДКИХ СРЕДАХ",,0,"/item.asp?id=37369045",0
95585799,"СПОСОБ ОПРЕДЕЛЕНИЯ ЗНАЧЕНИЙ ПАРАМЕТРОВ ПОТОКА, ОБЕСПЕЧИВАЮЩИХ МАКСИМАЛЬНУЮ ОРИЕНТАЦИЮ ВЫТЯНУТЫХ И ПЛАСТИНЧАТЫХ НАНООБЪЕКТОВ ВДОЛЬ ПОТОКА ЖИДКОЙ СРЕДЫ",,0,"/item.asp?id=37366682",0
-1785050848,"РАЗВИТИЕ АДДИТИВНОЙ ТЕХНОЛОГИИ ДЛЯ ПРОИЗВОДСТВА 3D-МИКРОСТРУКТУР НА ОСНОВЕ АЭРОЗОЛЬНОЙ ПЕЧАТИ НАНОЧАСТИЦАМИ С ЛОКАЛЬНЫМ ЛАЗЕРНЫМ СПЕКАНИЕМ",,0,"/item.asp?id=37540013",0
1550682339,"СПОСОБ ЛИФТИНГА ЛБА",,0,"/item.asp?id=37349120",0
2099670551,"РЕГЛАМЕНТАЦИЯ ДОСТУПА К ДАННЫМ В СУБД ORACLE",,0,"/item.asp?id=12350407",0
936157494,"ИНТЕГРАЦИЯ РАЗНОРОДНЫХ ДАННЫХ В КОРПОРАТИВНЫХ ИНФОРМАЦИОННЫХ СИСТЕМАХ",,0,"/item.asp?id=38306746",0
-802736174,"ПОВЫШЕНИЕ ПРОИЗВОДИТЕЛЬНОСТИ БАЗЫ ДАННЫХ ИНСТРУМЕНТАМИ СУБД ORACLE",,0,"/item.asp?id=36324605",10
1545686645,"АУДИТ ИЗМЕНЕНИЙ СТРУКТУРЫ БД, ДАННЫХ И ПРОТОКОЛИРОВАНИЕ ДЕЙСТВИЙ ПОЛЬЗОВАТЕЛЯ НА ПРИМЕРЕ СУБД ORACLE",,0,"/item.asp?id=13528282",1
1700058161,"КОМПАС - СИСТЕМА КОМПИЛЯЦИИ, АНАЛИЗА И СИСТЕМАТИЗАЦИИ ЭКСПЕРИМЕНТАЛЬНЫХ ДАННЫХ ФИЗИКИ ЧАСТИЦ",,0,"/item.asp?id=755462",0
1868624469,"СЕТЕВАЯ ФАКТОГРАФИЧЕСКАЯ БАЗА ДАННЫХ НА ОСНОВЕ WWW-ТЕХНОЛОГИИ ПО ФИЗИКО-ХИМИЧЕСКИМ СВОЙСТВАМ МЕТАЛЛОВ",,0,"/item.asp?id=230361",0
1667668194,"УПРАВЛЕНИЕ ИЕРАРХИЧЕСКИМИ ДАННЫМИ В РЕЛЯЦИОННЫХ БАЗАХ ДАННЫХ",,0,"/item.asp?id=12906221",0
-2095845700,"РАСПРЕДЕЛЕННЫЕ ГОРИЗОНТАЛЬНО МАСШТАБИРУЕМЫЕ РЕШЕНИЯ ДЛЯ УПРАВЛЕНИЯ ДАННЫМИ",,0,"/item.asp?id=20238531",4
402005812,"NEW ALGORITHMS FOR LEXICAL QUERY OPTIMIZATION",,0,"/item.asp?id=15310241",5
-213321915,"EVALUATION OF INFLUENCE DEFECTS OF MATERIAL ON STRENGTH CHARACTERISTICS OF CONSTRUCTION OF CATALYTIC NEUTRALIZERS IN THE SYSTEM OF REDUCING THE TOXICITY OF ENGINES EMITTED GASES",,0,"/item.asp?id=32819252",0
-2011679022,"ПРОГНОЗИРОВАНИЕ ДОЛГОВЕЧНОСТИ КОНСТРУКЦИИ НА СТАДИИ ПРОЕКТИРОВАНИЯ СИСТЕМ СНИЖЕНИЯ ТОКСИЧНОСТИ ОТРАБОТАВШИХ ГАЗОВ С УЧЕТОМ ТРЕЩИНОСТОЙКОСТИ МАТЕРИАЛА ПРИ ТЕМПЕРАТУРНОМ ВОЗДЕЙСТВИИ1",,0,"/item.asp?id=40629622",0
-536009827,"МОДЕЛИ ТРАФИКА КОМПЬЮТЕРНОЙ СЕТИ НА ОСНОВЕ ДИНАМИЧЕСКИХ ПОТОКОВ ИНФОРМАЦИИ",,0,"/item.asp?id=42579779",0
-533167773,"СТРУКТУРА УГЛУБЛЕННОГО ТРАФИКА ИНФОРМАЦИОННОЙ СЕТИ",,0,"/item.asp?id=42699997",0
-2102038583,"""ВИРТУАЛЬНАЯ ЛАБОРАТОРНАЯ РАБОТА ""ХАРАКТЕРИСТИКИ СВЕРХЗВУКОВОГО ВХОДНОГО УСТРОЙСТВА""",,0,"/item.asp?id=39312781",0
1053522589,"К 60-ЛЕТИЮ СОЗДАНИЯ РАКЕТНЫХ ВОЙСК СТРАТЕГИЧЕСКОГО НАЗНАЧЕНИЯ",,0,"/item.asp?id=42699898",0
1472055000,"ТЕОРИЯ ВЕРОЯТНОСТЕЙ И КОМБИНАТОРНЫЙ АНАЛИЗ",,0,"/item.asp?id=42699884",0
-1133798450,"ПРИМЕНЕНИЕ ОБРАЗОВАТЕЛЬНЫХ МЕТАДАННЫХ ДЛЯ ОВЛАДЕНИЯ СРАВНИТЕЛЬНЫМ МЕТОДОМ И КОМПАРАТИВНЫМ АНАЛИЗОМ В ПРОЦЕССЕ ИЗУЧЕНИЯ СОЦИАЛЬНО-ГУМАНИТАРНЫХ ДИСЦИПЛИН",,0,"/item.asp?id=42621949",0
-1305721165,"ОПЫТ БОЕВГО ПРИМЕНЕНИЯ САМОЛЕТА СУ-25 В ЛОКАЛЬНЫХ КОНФЛИКТАХ ЗА ПРЕДЕЛАМИ РФ",,0,"/item.asp?id=42699930",0
-1339379284,"ТЕОРИЯ ВЕРОЯТНОСТЕЙ И ПРОСТРАНСТВО ВЫБОРОК",,0,"/item.asp?id=42699881",0
-1142591498,"ПЕРСПЕКТИВЫ РЕФЛЕКСИВНО-РЕГУЛЯТИВНОГО ПОДХОДА В ОБУЧЕНИИ СТУДЕНТОВ",,0,"/item.asp?id=32851760",4
-1750229202,"РЕФЛЕКСИВНЫЙ ПОДХОД В ОБУЧЕНИИ ИНФОРМАТИКЕ",,0,"/item.asp?id=23733535",30
-1193379538,"LINGUISTIC APPROACH TO SCIENTOMETRICS",,0,"/item.asp?id=41666208",0
1750720750,"REVIEW OF PARTICLE PHYSICS",,0,"/item.asp?id=35766348",1623
1021669872,"РАЗВИТИЕ РЕГИОНАЛЬНОЙ ИНФОРМАЦИОННО-ВЫЧИСЛИТЕЛЬНОЙ СЕТИ ДЛЯ НУЖД НАУКИ И ОБРАЗОВАНИЯ ЮЖНОГО УРАЛА",,0,"/item.asp?id=233052",0
320890495,"NETWORK MULTIMEDIA DATABASE ON A STRUCTURE AND PROPERTIES OF LIQUID AND CRYSTALLINE METALS",,0,"/item.asp?id=14949598",0
-688988933,"ОБ ОПЫТЕ ИЗДАНИЯ СЕТЕВЫХ НАУЧНЫХ ЖУРНАЛОВ",,0,"/item.asp?id=22916482",0
-1544515558,"СИСТЕМА УПРАВЛЕНИЯ ПУБЛИКАЦИЯМИ НАУЧНЫХ РАБОТ В ЭЛЕКТРОННОМ ИЗДАНИИ",,0,"/item.asp?id=22915722",1
962957475,"ИНТЕРНЕТ ДЛЯ НЕГОСУДАРСТВЕННЫХ НЕКОММЕРЧЕСКИХ ОРГАНИЗАЦИЙ В ""ОТДЕЛЬНО ВЗЯТОМ РЕГИОНЕ""",,0,"/item.asp?id=9118096",0
637214905,"СИСТЕМА УПРАВЛЕНИЯ ПУБЛИКАЦИЯМИ НАУЧНЫХ РАБОТ В ЭЛЕКТРОННОМ ИЗДАНИИ. ПРАКТИЧЕСКАЯ РЕАЛИЗАЦИЯ",,0,"/item.asp?id=22914900",0
-347426729,"ТЕОРЕТИЧЕСКОЕ И ЭКСПЕРИМЕНТАЛЬНОЕ ИССЛЕДОВАНИЕ САМОФЛЮСУЮЩИХСЯ МАТЕРИАЛОВ НА ОСНОВЕ НИКЕЛЯ",,0,"/item.asp?id=42257371",0
-710699012,"СТАТИСТИЧЕСКАЯ МОДЕЛЬ ЭНЕРГООБМЕНА ДЛЯ ПРОЦЕССА КОНДЕНСАЦИИ ПАРОВ МЕДИ В СРЕДЕ ИНЕРТНОГО ГАЗА",,0,"/item.asp?id=42446030",0
-1831200880,"TRIBOLOGICAL PROPERTIES OF POWDER COATINGS OBTAINED ВУ ТНЕ SUPERSONIC PLASMA SPRAYING METHOD",,0,"/item.asp?id=37208962",0
-409697086,"ВЯЗКОСТЬ ЖИДКИХ ГАЛЛИЯ, ИНДИЯ И СВИНЦА",,0,"/item.asp?id=41564065",0
-2072478479,"СЕТЕВАЯ МУЛЬТИМЕДИЙНАЯ БАЗА ДАННЫХ ПО СТРУКТУРЕ И СВОЙСТВАМ ЖИДКИХ И КРИСТАЛЛИЧЕСКИХ МЕТАЛЛОВ",,0,"/item.asp?id=5020049",0
1158519064,"МАТЕМАТИЧЕСКОЕ МОДЕЛИРОВАНИЕ ВИСКОЗИМЕТРИЧЕСКИХ ЭКСПЕРИМЕНТОВ В МАГНИТНОМ ПОЛЕ",,0,"/item.asp?id=30613114",0
353884147,"ПРИМЕНЕНИЕ ТЕХНОЛОГИИ MYSQL В АВТОМАТИЗИРОВАННЫХ ОБУЧАЮЩИХ СИСТЕМАХ",,0,"/item.asp?id=25799289",0
1339644311,"ИСПОЛЬЗОВАНИЕ СУБД MYSQL ДЛЯ АВТОМАТИЗАЦИИ ДЕЯТЕЛЬНОСТИ ВЫСШЕГО УЧЕБНОГО ЗАВЕДЕНИЯ",,0,"/item.asp?id=25069084",0
1314863741,"СИСТЕМА НЕЧЕТКОГО ПОИСКА ДЛЯ СУБД MYSQL",,0,"/item.asp?id=17762201",1
745348406,"АНАЛИЗ ОСОБЕННОСТЕЙ ИСПОЛЬЗОВАНИЯ СИСТЕМ УПРАВЛЕНИЯ БАЗАМИ ДАННЫХ MS ACCESS, MYSQL",,0,"/item.asp?id=25115837",0
-1227122767,"СРАВНЕНИЕ МЕТОДА TRIE-ДЕРЕВЬЕВ И Q-ГРАММ ПРИ НЕСТРОГОМ СОЕДИНЕНИИ ТАБЛИЦ В MYSQL",,0,"/item.asp?id=17746301",1
-468892722,"PETAMINER: USING ROOT FOR EFFICIENT DATA STORAGE IN MYSQL DATABASE",,0,"/item.asp?id=16881335",0
582256633,"ПРОЕКТИРОВАНИЕ БАЗЫ ДАННЫХ КОРПОРАТИВНОЙ ИНФОРМАЦИОННОЙ СИСТЕМЫ КАФЕДРЫ В MYSQL WORKBENCH",,0,"/item.asp?id=24375145",0
1697762428,"ПРИМЕНЕНИЕ ПРОФЕССИОНАЛЬНОГО ИНСТРУМЕНТА DBFORGE STUDIO FOR MYSQL В ПРЕПОДАВАНИИ ДИСЦИПЛИНЫ ""БАЗА ДАННЫХ""",,0,"/item.asp?id=25869955",0
748918427,"ПРОЕКТИРОВАНИЕ И РЕАЛИЗАЦИЯ БАЗ ДАННЫХ В СУБД MYSQL С ИСПОЛЬЗОВАНИЕМ MYSQL WORKBENCH",,0,"/item.asp?id=19599231",9
-1739725715,"EXPERIENCE WITH ATLAS MYSQL PANDA DATABASE SERVICE",,0,"/item.asp?id=18185557",0
-1731684922,"РАЗРАБОТКА И РЕАЛИЗАЦИЯ МАНДАТНЫХ МЕХАНИЗМОВ УПРАВЛЕНИЯ ДОСТУПОМ В СУБД MYSQL",,0,"/item.asp?id=20378674",4
-1339628038,"АНАЛИЗ ВОЗМОЖНОСТЕЙ СИСТЕМ УПРАВЛЕНИЯ БАЗАМИ ДАННЫХ MS ACCESS, MYSQL, MS SQL SERVER",,0,"/item.asp?id=25115824",0
-1813250613,"УСОВЕРШЕНСТВОВАНИЕ МОДЕЛИ СИТУАЦИОННО-ОРИЕНТИРОВАННОЙ БАЗЫ ДАННЫХ ДЛЯ ВЗАИМОДЕЙСТВИЯ С MYSQL",,0,"/item.asp?id=26088351",4
-263141425,"МОНИТОРИНГ ДИСТАНЦИОННЫХ УЧЕБНЫХ ПРОЕКТОВ С ИСПОЛЬЗОВАНИЕМ СИСТЕМЫ УПРАВЛЕНИЯ БАЗАМИ ДАННЫХ MYSQL",,0,"/item.asp?id=18953707",2
946634082,"КРОССПЛАТФОРМЕННОЕ ПРИЛОЖЕНИЕ НА ОСНОВЕ СУБД MYSQL",,0,"/item.asp?id=22155016",1
-1169154699,"ИСПОЛЬЗОВАНИЕ ПОЛНОТЕКСТОВОГО ПОИСКА В MYSQL ДЛЯ ОПРЕДЕЛЕНИЯ ПОХОЖИХ СТАТЕЙ",,0,"/item.asp?id=25864793",0
356586634,"СОЦИОИНЖЕНЕРНЫЕ АТАКИ: ПРОБЛЕМЫ АНАЛИЗА",,0,"/item.asp?id=35506633",35
723053643,"АВТОМАТИЗАЦИЯ АНАЛИЗА СОЦИАЛЬНЫХ СЕТЕЙ ДЛЯ ОЦЕНИВАНИЯ ЗАЩИЩЁННОСТИ ОТ СОЦИОИНЖЕНЕРНЫХ АТАК",,0,"/item.asp?id=32737050",6
1439720482,"МОДЕЛЬ ОЦЕНКИ НЕРАВНОВЕСНОГО ОТКЛИКА СРЕДНЕГЛОБАЛЬНОЙ ПРИПОВЕРХНОСТНОЙ ТЕМПЕРАТУРЫ НА ИЗМЕНЕНИЕ КОНЦЕНТРАЦИЙ АТМОСФЕРНЫХ АЭРОЗОЛЕЙ И РАДИАЦИОННО-АКТИВНЫХ ГАЗОВ",,2019,"/item.asp?id=37279929",0
1006605783,"ПОВЫШЕНИЕ НАДЕЖНОСТИ ФУНКЦИОНИРОВАНИЯ СИСТЕМ ЦИФРОВОЙ ИДЕНТИФИКАЦИИ ПАССАЖИРОВ НА БАЗЕ АЛГОРИТМА ПОМЕХОУСТОЙЧИВОГО КОДИРОВАНИЯ С ЭЛЕМЕНТАМИ КОГНИТИВНОЙ ОБРАБОТКИ ДАННЫХ",,2019,"/item.asp?id=37530710",0
392468472,"СОЦИАЛЬНО-ПСИХОЛОГИЧЕСКИЕ ФАКТОРЫ, ВЛИЯЮЩИЕ НА СТЕПЕНЬ УЯЗВИМОСТИ ПОЛЬЗОВАТЕЛЕЙ АВТОМАТИЗИРОВАННЫХ ИНФОРМАЦИОННЫХ СИСТЕМ С ТОЧКИ ЗРЕНИЯ СОЦИОИНЖЕНЕРНЫХ АТАК",,2010,"/item.asp?id=15561101",40
-1719046254,"МАРКОВСКИЙ МОМЕНТ ОСТАНОВКИ АГЛОМЕРАТИВНОГО ПРОЦЕССА КЛАСТЕРИЗАЦИИ В ЕВКЛИДОВОМ ПРОСТРАНСТВЕ",,2019,"/item.asp?id=37259166",3
-1159253393,"РАЗРАБОТКА И ПРИМЕНЕНИЕ СИСТЕМЫ ОТКРЫТОГО ТЕСТИРОВАНИЯ В ОРГАНИЗАЦИИ УЧЕБНОГО ПРОЦЕССА КАФЕДРЫ ЭСВМ",,2020,"/item.asp?id=42361656",0
1922960632,"КОГНИТИВНАЯ ИНФОРМАЦИОННО-ИЗМЕРИТЕЛЬНАЯ КВАЛИМЕТРИЧЕСКАЯ СИСТЕМА ДЛЯ ОПРЕДЕЛЕНИЯ СОДЕРЖАНИЯ ЖИРА И БЕЛКА В КОРОВЬЕМ МОЛОКЕ ПО ПАРАМЕТРАМ ТЕНЗИОГРАММ ДИНАМИЧЕСКОГО ПОВЕРХНОСТНОГО НАТЯЖЕНИЯ НА ГРАНИЦЕ РАЗДЕЛА МОЛОКО/ВОЗДУХ",,2019,"/item.asp?id=41326292",0
2139901170,"АСК-АНАЛИЗ ВЛИЯНИЯ КОСМИЧЕСКОЙ СРЕДЫ НА СЕЙСМИЧЕСКУЮ АКТИВНОСТЬ НА ЗЕМЛЕ (ЗЕМЛЕТРЯСЕНИЯ МИРА С МАГНИТУДОЙ > 6 ЗА 1900-2019 ГОДЫ)",,2020,"/item.asp?id=42379237",0
137175637,"АНАЛИЗ ВЛИЯНИЯ ВЫПОЛНЕНИЯ ТРЕБОВАНИЙ НА ДОСТИЖЕНИЕ ЦЕЛЕЙ ПРОЕКТИРОВАНИЯ ИНФОРМАЦИОННЫХ СИСТЕМ",,2019,"/item.asp?id=41208111",0
-1713254914,"ПОВЫШЕНИЕ ЭФФЕКТИВНОСТИ КОЛЛАБОРАТИВНЫХ РЕКОМЕНДАТЕЛЬНЫХ СИСТЕМ ПРИ ИСПОЛЬЗОВАНИИ ДОПОЛНИТЕЛЬНЫХ ДАННЫХ",,2019,"/item.asp?id=39207318",0
-646831839,"КЛАСТЕРНЫЙ АНАЛИЗ ВЛИЯНИЯ АБРАЗИВНЫХ КРУГОВ НА КАЧЕСТВО ПОВЕРХНОСТИ ДЕТАЛЕЙ ИЗ АЛЮМИНИЕВОГО СПЛАВА 1933Т2 ПРИ ПЛОСКОМ МАЯТНИКОВОМ ШЛИФОВАНИИ",,2017,"/item.asp?id=30544036",0
-387779533,"ЦИФРОВАЯ КУЛЬТУРА, НАВЫКИ ИННОВАЦИОННОГО ПРЕДПРИНИМАТЕЛЬСТВА И УПРАВЛЕНИЯ ИНТЕЛЛЕКТУАЛЬНОЙ СОБСТВЕННОСТЬЮ - КОМПЕТЕНЦИИ БУДУЩЕГО",,2019,"/item.asp?id=42533877",0
-831904755,"АНАЛИЗ МЕЖДУНАРОДНЫХ СТАНДАРТОВ ПРИМЕНИТЕЛЬНО К ОЦЕНКЕ ХАРАКТЕРИСТИК КАЧЕСТВА АВТОМАТИЗИРОВАННЫХ СИСТЕМ ВОЕННОГО НАЗНАЧЕНИЯ",,2018,"/item.asp?id=35304033",2
398623980,"О ВОЗМОЖНОСТИ ПРИМЕНЕНИЯ МЕЖДИСЦИПЛИНАРНОГО ПОДХОДА В ИЗМЕНЯЮЩЕМСЯ МИРЕ ЭКОНОМИЧЕСКОЙ НАУКИ И ОБРАЗОВАНИИ",,2019,"/item.asp?id=41302443",1
-1168583051,"ЭВОЛЮЦИЯ ВЗГЛЯДОВ ПЕДАГОГОВ XIX-XX ВВ. НА ПЕРСПЕКТИВУ ТЕХНОЛОГИЗАЦИИ ШКОЛЬНОГО ОБРАЗОВАНИЯ",,2017,"/item.asp?id=30798365",1
-434860363,"ТЕОРЕТИЧЕСКИЕ И ПРАКТИЧЕСКИЕ АСПЕКТЫ РАЗВИТИЯ МЕХАНИЗМОВ И ИНСТРУМЕНТОВ ФИНАНСИРОВАНИЯ ИНВЕСТИЦИОННЫХ ПРОЦЕССОВ НА РЕГИОНАЛЬНОМ УРОВНЕ",,2017,"/item.asp?id=29463102",0
559249970,"ИССЛЕДОВАНИЕ ЭФФЕКТИВНОСТИ АЛГОРИТМА КЛАСТЕРИЗАЦИИ ДАННЫХ НА ОСНОВЕ ИХ СХОДСТВА",,2016,"/item.asp?id=26572837",0
1353777244,"КЛАССИФИКАЦИЯ СТРАН АФРИКИ ПО СОЦИАЛЬНО-ЭКОНОМИЧЕСКИМ ПОКАЗАТЕЛЯМ С ПОМОЩЬЮ КЛАСТЕРНОГО АНАЛИЗА",,2016,"/item.asp?id=27227805",0
1915673234,"ПРИЛОЖЕНИЕ ДЛЯ АНАЛИЗА КОНСТРУКТИВНОЙ, ДЕСТРУКТИВНОЙ И ДЕФИЦИТАРНОЙ КОМПОНЕНТ Я-ФУНКЦИЙ ПОЛЬЗОВАТЕЛЯ НА ОСНОВЕ Я-СТРУКТУРНОГО ТЕСТА АММОНА",,2019,"/item.asp?id=41363768",0
1277299271,"ОБЩАЯ МЕТОДИКА ОБНАРУЖЕНИЯ ИНСАЙДЕРА КОМПЬЮТЕРНОЙ СЕТИ НА ОСНОВЕ ТЕХНОЛОГИЙ БОЛЬШИХ ДАННЫХ",,2019,"/item.asp?id=41383597",0
2100637193,"ИНТЕГРАЦИЯ ИСКУССТВЕННЫХ НЕЙРОННЫХ СЕТЕЙ И ПРИБЛИЖЁННЫХ МНОЖЕСТВ ДЛЯ ПОСТРОЕНИЯ ПЕРСПЕКТИВНЫХ АРХИТЕКТУР ИНТЕЛЛЕКТУАЛЬНЫХ ИНФОРМАЦИОННЫХ СИСТЕМ",,2018,"/item.asp?id=36760774",0
435498307,"ДЕКОДИРОВАНИЕ ПОСЛЕДОВАТЕЛЬНОСТИ СОСТОЯНИЙ БИНАРНОЙ СКРЫТОЙ МАРКОВСКОЙ МОДЕЛИ, ПРЕДСТАВЛЕННОЙ В ВИДЕ АЛГЕБРАИЧЕСКОЙ БАЙЕСОВСКОЙ СЕТИ, ПО ПОСЛЕДОВАТЕЛЬНОСТИ НАБЛЮДЕНИЙ",,2013,"/item.asp?id=18800063",0
1832757603,"ЛОКАЛЬНЫЙ И ГЛОБАЛЬНЫЙ ЛОГИКО-ВЕРОЯТНОСТНЫЙ ВЫВОД В АЛГЕБРАИЧЕСКИХ БАЙЕСОВСКИХ СЕТЯХ: МАТРИЧНО-ВЕКТОРНОЕ ОПИСАНИЕ И ВОПРОСЫ ЧУВСТВИТЕЛЬНОСТИ",,2017,"/item.asp?id=32323142",1
-3854259,"СОЦИОИНЖЕНЕРНАЯ МОДЕЛЬ РАСПРОСТРАНЕНИЯ ИНФОРМАЦИИ В ВИРТУАЛЬНОЙ СОЦИАЛЬНОЙ СЕТИ",,2014,"/item.asp?id=26522679",1
